Workbook

Sheet REKAP 2 APRIL
A3: NO | B3: PRIORITAS DAERAH | C3: SASARAN DAERAH | D3: PROGRAM | E3: KEGIATAN PRIORITAS | F3: SASARAN KEGIATAN | G3: LOKASI (DESA/KEL) | I3: VOLUME | J3: PAGU USULAN AWAL | K3: PERANGKAT DAERAH PENANGGUNG JAWAB | L3: ID USULAN | M3: KECAMATAN | N3: HASIL PERBAIKAN KECAMATAN | P3: KETERANGAN
G4: DESA | H4: DUSUN | N4: VOL | O4: PAGU
A5: 1 | B5: 2 | C5: 3 | D5: 4 | E5: 5 | F5: 6 | G5: 7 | H5: 8 | I5: 9 | J5: 10 | K5: 11 | L5: 12 | M5: 13 | N5: 14 | O5: 15 | P5: 16
A6: =A5+1 -> 2 | B6: Infrastruktur Berkelanjutan | C6: Meningkatnya Ketahanan Daerah terhadap Bencana | D6: PROGRAM PENANGGULANGAN BENCANA | E6: Pembangunan Sumur Bor | F6: Masyarakat Dusun Karang Duntal | G6: GERIMAX INDAH | H6: KARANG DUNTAL | I6: 1 unit | J6: 100000000 | K6: Badan Penanggulangan Bencana Daerah | L6: 2799328 | M6: Narmada | N6: 1 paket | O6: 210000000 | P6: Dilengkapi dengan usulan Proposal
A7: =A6+1 -> 3 | B7: Infrastruktur Berkelanjutan | C7: Meningkatnya Ketahanan Daerah terhadap Bencana | D7: PROGRAM PENANGGULANGAN BENCANA | E7: Pembangunan Sumur Bor | F7: Masyarakat Dusun Karang Anyar | G7: GERIMAX INDAH | H7: KARANG ANYAR (GERIMAX INDAH) | I7: 1 unit | J7: 100000000 | K7: Badan Penanggulangan Bencana Daerah | L7: 2799328 | M7: Narmada | N7: 1 paket | O7: 210000000 | P7: Dilengkapi dengan usulan Proposal
A8: =A7+1 -> 4 | B8: Infrastruktur Berkelanjutan | C8: Meningkatnya Ketahanan Daerah terhadap Bencana | D8: PROGRAM PENANGGULANGAN BENCANA | E8: PENANGGULANGAN BENCANA | F8: Pelatihan Relawan Kebencanaan | G8: Gerimax Indah | H8: =H3 -> 0 | I8: 1 Paket | J8: 7500000 | K8: Badan Penanggulangan Bencana Daerah | M8: Narmada | N8: 1 paket | O8: 35000000 | P8: Pindahan dari Pol PP
A9: =A8+1 -> 5 | B9: Infrastruktur Berkelanjutan | C9: Meningkatnya pembangunan Infrastruktur Dasar dan Konektivitas Antar Wilayah | D9: PROGRAM PENANGGULANGAN BENCANA | E9: PENGADAAN SUMUR BOR dan Intalasinya | F9: Masyarakat Dusun Lekong Siwak | G9: TANAK BEAK | H9: LEKONG SIWAK | I9: 1 | J9: 200000000 | K9: Badan Penanggulangan Bencana Daerah | L9: 2934710 | M9: Narmada | N9: 1 | O9: 210000000 | P9: sumur bor
A10: =A9+1 -> 6 | B10: Infrastruktur Berkelanjutan | C10: Meningkatnya Ketahanan Daerah terhadap Bencana | D10: PROGRAM PENANGGULANGAN BENCANA | E10: Pemasangan Jalur Evakuasi dan papan Informasi Bencana | G10: BAGIK POLAK BARAT | H10: LENDANG | I10: 1 Paket | J10: 5000000 | K10: Badan Penanggulangan Bencana Daerah | L10: 2932750 | M10: Labuapi | N10: 1 paket | O10: 25000000
A11: =A10+1 -> 7 | B11: Infrastruktur Berkelanjutan | C11: Meningkatnya Ketahanan Daerah terhadap Bencana | D11: PROGRAM PENANGGULANGAN BENCANA | E11: Pelatihan Relawan Kebencanaan | F11: - | G11: Karang Bongkot | H11: Karang Bongkot | I11: 1 Paket | J11: 7500000 | K11: Badan Penanggulangan Bencana Daerah | L11: 2819724 | M11: Labuapi | N11: 1 paket | O11: 35000000
A12: =#REF!+1 -> #REF! | B12: Infrastruktur Berkelanjutan | C12: Meningkatnya Ketahanan Daerah terhadap Bencana | D12: PROGRAM PENANGGULANGAN BENCANA | E12: Pengadaan sumur bor dan jaringan instalasinya untuk daerah rawan kekeringan | F12: Masyarakat Dusun Lendang Bontong | G12: SEKOTONG TENGAH | H12: LENDANG BONTONG | I12: 2 Unit | J12: 100000000 | K12: Badan Penanggulangan Bencana Daerah | L12: 2966626 | M12: Sekotong | N12: 1 pkt | O12: 210000000 | P12: dilengkapi dengan proposal
A13: =A12+1 -> #REF! | B13: Infrastruktur Berkelanjutan | C13: Meningkatnya Ketahanan Daerah terhadap Bencana | D13: PROGRAM PENANGGULANGAN BENCANA | E13: Pengadaan sumur bor dan jaringan instalasinya untuk daerah rawan kekeringan | F13: Masyarakat Dusun Montong Bao | G13: KEDARO | H13: MONTONG BAO | I13: 2 Paket | J13: 100000000 | K13: Badan Penanggulangan Bencana Daerah | L13: _ | M13: Sekotong | N13: 1 pkt | O13: 210000000 | P13: Pindahan dari DPUPRPKM
A14: =A13+1 -> #REF! | B14: Infrastruktur Berkelanjutan | C14: Meningkatnya Ketahanan Daerah terhadap Bencana | D14: PROGRAM PENANGGULANGAN BENCANA | E14: Pengadaan sumur bor dan jaringan instalasinya untuk daerah rawan kekeringan | F14: Masyarakat Dusun medames | G14: KEDARO | H14: MEDAMES | I14: 2 Paket | J14: 100000000 | K14: Badan Penanggulangan Bencana Daerah | L14: _ | M14: Sekotong | N14: 1 pkt | O14: 210000000 | P14: Pindahan dari DPUPRPKM
A15: =A14+1 -> #REF! | B15: Infrastruktur Berkelanjutan | C15: Meningkatnya Ketahanan Daerah terhadap Bencana | D15: PROGRAM PENANGGULANGAN BENCANA | E15: Pengadaan sumur bor dan jaringan instalasinya untuk daerah rawan kekeringan | F15: Masyarakat Dusun Mendawe Utara | G15: KEDARO | H15: MENDAWE UTARA | I15: 2 Paket | J15: 100000000 | K15: Badan Penanggulangan Bencana Daerah | L15: _ | M15: Sekotong | N15: 1 pkt | O15: 210000000 | P15: Pindahan dari DPUPRPKM
A16: 15 | B16: Infrastruktur Berkelanjutan | C16: Meningkatnya Ketahanan Daerah terhadap Bencana | D16: PROGRAM PENANGGULANGAN BENCANA | E16: Pengadaan sumur bor dan jaringan instalasinya untuk daerah rawan kekeringan | G16: Selat | H16: Montong Daye | K16: Badan Penanggulangan Bencana Daerah | M16: Narmada | N16: 1 pkt | O16: 210000000 | P16: Ada di BA Musrenbang Kab, pindahan PUPR
A17: 1 | B17: Transformasi dan Kemandirian Ekonomi | C17: Terjaganya stabilitas inflasi | D17: PROGRAM PENINGKATAN SARANA DISTRIBUSI PERDAGANGAN | E17: Pengadaan Rombong Roda beratap 50 Paket dan penataan UMKM | F17: Kelompok UMKM pada Dusun Senggigi | G17: SENGGIGI | H17: SENGGIGI | I17: 50 Paket | J17: 50000000 | K17: Dinas Perdagangan | L17: 2818477 | M17: Batulayar | N17: 8 | O17: 50760000
A18: 2 | B18: Transformasi dan Kemandirian Ekonomi | C18: Terjaganya stabilitas inflasi | D18: PROGRAM PENINGKATAN SARANA DISTRIBUSI PERDAGANGAN | E18: Bantuan Sarpras UMKM ( Rombong, Tenda Stand, Meja, Kursi ) | F18: Kelompok UMKM yang ada pada Desa senteluk Daye | G18: SENTELUK | H18: PENYANGGET | I18: 10 paket | J18: 200000000 | K18: Dinas Perdagangan | L18: 2817507 | M18: Batulayar | N18: 32 | O18: 203040000
A19: 3 | B19: Transformasi dan Kemandirian Ekonomi | C19: Terjaganya stabilitas inflasi | D19: PROGRAM PENINGKATAN SARANA DISTRIBUSI PERDAGANGAN | E19: Bantuan Sarana dan Prasarana Perdagangan | F19: Kelompok UMKM desa sandik | G19: Sandik | H19: ??? | I19: 4 paket | J19: 20000000 | K19: Dinas Perdagangan | L19: 3299586 | M19: Batulayar | N19: 3 | O19: 20000000 | P19: Pindahan Diskop
A20: 4 | B20: Transformasi dan Kemandirian Ekonomi | C20: Terjaganya stabilitas inflasi | D20: PROGRAM PENINGKATAN SARANA DISTRIBUSI PERDAGANGAN | E20: Grobak UMKM | F20: Masyarakat Dusun Penimbung Barat | G20: PENIMBUNG | H20: PENIMBUNG BARAT | I20: 3 UNIT | J20: 18000000 | K20: Dinas Perdagangan | L20: 3299071 | M20: Gunung Sari | N20: 3 | O20: =N20*6345000 -> 19035000 | P20: pindahan dari provinsi
A21: 5 | B21: Transformasi dan Kemandirian Ekonomi | C21: Terjaganya stabilitas inflasi | D21: PROGRAM PENINGKATAN SARANA DISTRIBUSI PERDAGANGAN | E21: Grobak UMKM | F21: Masyarakat Dusun Bukit Tinggi | G21: BUKIT TINGGI | H21: BUKIT TINGGI | I21: 5 kelompok | J21: 50000000 | K21: Dinas Perdagangan | L21: 3299835 | M21: Gunung Sari | N21: 8 | O21: 50760000 | P21: pindahan dari Disperinkop
A22: 6 | B22: Transformasi dan Kemandirian Ekonomi | C22: Terjaganya stabilitas inflasi | D22: PROGRAM PENINGKATAN SARANA DISTRIBUSI PERDAGANGAN | E22: Bantuan Gerobak,Etalase dan Tenda untuk pedagang sate bulayak dusun karang mas | F22: Kelompok Dagang Sate Karang Mas | G22: Batu Kumbung | H22: Karang Mas | I22: 1 Paket | J22: 100000000 | K22: Dinas Perdagangan | L22: 2792437 | M22: Lingsar | N22: 7 | O22: 100000000 | P22: GEROBAK (7 unit Rp 44.415.000), Tenda (7 unit Rp41.300.000), Etalase (7 uni Rp 14.000.000)
A23: 7 | B23: Transformasi dan Kemandirian Ekonomi | C23: Terjaganya stabilitas inflasi | D23: PROGRAM PENINGKATAN SARANA DISTRIBUSI PERDAGANGAN | E23: Bantuan Sarana dan Prasarana Perdagangan | F23: Masyarakat Desa | G23: LINGSAR | H23: LINGSAR TAMAN | I23: 50 Bh | J23: 300000000 | K23: Dinas Perdagangan | L23: 2952867 | M23: Lingsar | N23: 21 | O23: 315000000 | P23: GEROBAK (7 unit Rp 44.415.000), Tenda (7 unit Rp41.300.000), Etalase (7 uni Rp 14.000.000)
A24: 8 | B24: Transformasi dan Kemandirian Ekonomi | C24: Terjaganya stabilitas inflasi | D24: PROGRAM PENINGKATAN SARANA DISTRIBUSI PERDAGANGAN | E24: Bantuan Sarana dan Prasarana Perdagangan | F24: Kelompok Pedagang | G24: BUG-BUG | H24: BUG-BUG UTARA TIMUR | I24: 3 KELOMPOK | J24: 15000000 | K24: Dinas Perdagangan | L24: 2921906 | M24: Lingsar | N24: 2 | O24: 14690000 | P24: gerobak (2 unit Rp 12.690.000), Etalase P. 150X40X110 (1 unit Rp 2.000.000)
A25: 9 | B25: Transformasi dan Kemandirian Ekonomi | C25: Terjaganya stabilitas inflasi | D25: PROGRAM PENINGKATAN SARANA DISTRIBUSI PERDAGANGAN | E25: Bantuan Sarana dan Prasarana Perdagangan | F25: Kelompok Pedagang | G25: BUG-BUG | H25: BUG-BUG SELATAN | I25: 3 KELOMPOK | J25: 15000000 | K25: Dinas Perdagangan | L25: 2921825 | M25: Lingsar | N25: 2 | O25: 14690000 | P25: gerobak (2 unit Rp 12.690.000), Etalase P. 150X40X110 (1 unit Rp 2.000.000)
A26: 10 | B26: Transformasi dan Kemandirian Ekonomi | C26: Terjaganya stabilitas inflasi | D26: PROGRAM PENINGKATAN SARANA DISTRIBUSI PERDAGANGAN | E26: BANTUAN SARANA DAN PRASARANA PERDAGANGAN GEROBAK | F26: Masyarakat Dusun Karang Duntal | G26: GERIMAX INDAH | H26: KARANG DUNTAL | I26: 2 unit | J26: 10000000 | K26: Dinas Perdagangan | L26: 3307589 | M26: Narmada | N26: 12 | O26: 76140000 | P26: OPERAN PERINKOP
A27: 11 | B27: Transformasi dan Kemandirian Ekonomi | C27: Terjaganya stabilitas inflasi | D27: PROGRAM PENINGKATAN SARANA DISTRIBUSI PERDAGANGAN | E27: BANTUAN SARANA DAN PRASARANA PERDAGANGAN GEROBAK | F27: Masyarakat Dusun Kembang Kuning | G27: GERIMAX INDAH | H27: KEMBANG KUNING | I27: 15 unit | J27: 10000000 | K27: Dinas Perdagangan | L27: 3307611 | M27: Narmada | N27: 15 | O27: =15*6345000 -> 95175000 | P27: OPERAN PERINKOP
A28: 12 | B28: Transformasi dan Kemandirian Ekonomi | C28: Terjaganya stabilitas inflasi | D28: PROGRAM PENINGKATAN SARANA DISTRIBUSI PERDAGANGAN | E28: BANTUAN SARANA DAN PRASARANA PERDAGANGAN GEROBAK | F28: Masyarakat Dusun Karang Anyar | G28: GERIMAX INDAH | H28: KARANG ANYAR (GERIMAX INDAH) | I28: 2 unit | J28: 10000000 | K28: Dinas Perdagangan | L28: 3245837 | M28: Narmada | N28: 2 | O28: =2*6345000 -> 12690000 | P28: OPERAN PERINKOP
A29: 13 | B29: Transformasi dan Kemandirian Ekonomi | C29: Terjaganya stabilitas inflasi | D29: PROGRAM PENINGKATAN SARANA DISTRIBUSI PERDAGANGAN | E29: BANTUAN SARANA DAN PRASARANA PERDAGANGAN GEROBAK | F29: Masyarakat Dusun Dasan Montor | G29: GERIMAX INDAH | H29: DASAN MONTOR | I29: 4 unit | J29: 10000000 | K29: Dinas Perdagangan | L29: 3307634 | M29: Narmada | N29: 12 | O29: 76140000 | P29: OPERAN PERINKOP
A30: 14 | B30: Transformasi dan Kemandirian Ekonomi | C30: Terjaganya stabilitas inflasi | D30: PROGRAM PENINGKATAN SARANA DISTRIBUSI PERDAGANGAN | E30: BANTUAN SARANA DAN PRASARANA PERDAGANGAN GEROBAK | G30: SELAT | H30: SELAT BARAT | I30: 4 unit | J30: 25000000 | K30: Dinas Perdagangan | L30: 3307657 | M30: Narmada | N30: 4 | O30: 25380000 | P30: OPERAN PERINKOP
A31: 15 | B31: Transformasi dan Kemandirian Ekonomi | C31: Terjaganya stabilitas inflasi | D31: PROGRAM PENINGKATAN SARANA DISTRIBUSI PERDAGANGAN | E31: BANTUAN SARANA DAN PRASARANA PERDAGANGAN GEROBAK | G31: SELAT | H31: SELAT TIMUR | I31: 10 Unit Gerobak | J31: 25000000 | K31: Dinas Perdagangan | L31: 3307667 | M31: Narmada | N31: 4 | O31: 25380000 | P31: OPERAN PERINKOP
A32: 16 | B32: Transformasi dan Kemandirian Ekonomi | C32: Terjaganya stabilitas inflasi | D32: PROGRAM PENINGKATAN SARANA DISTRIBUSI PERDAGANGAN | E32: Bantuan Sarana dan Prasarana Perdagangan | F32: Warga Dusun Bangket Punik, Desa Golong | G32: GOLONG | H32: BANGKET PUNIK | I32: 2 unit | J32: 100000000 | K32: Dinas Perdagangan | L32: 2906025 | M32: Narmada | N32: 16 | O32: 101520000
A33: 17 | B33: Transformasi dan Kemandirian Ekonomi | C33: Terjaganya stabilitas inflasi | D33: PROGRAM PENINGKATAN SARANA DISTRIBUSI PERDAGANGAN | E33: BANTUAN SARANA DAN PRASARANA PERDAGANGAN GEROBAK | F33: UMKM Dusun Golong, Desa Golong | G33: GOLONG | H33: Golong | I33: 10 Unit Gerobak | J33: 100000000 | K33: Dinas Perdagangan | L33: 3307681 | M33: Narmada | N33: 16 | O33: 101520000
A34: 18 | B34: Transformasi dan Kemandirian Ekonomi | C34: Terjaganya stabilitas inflasi | D34: PROGRAM PENINGKATAN SARANA DISTRIBUSI PERDAGANGAN | E34: Banyak Umkm di desa Lelede yang memerlukan sarana dan prasarana berupa RAK untuk menunjang Kreativitas usahanya (Jadi Etalase) | F34: Masyarakat Dusun setempat | G34: LELEDE | H34: DASAN BAWAK | I34: 6 UNIT | J34: 30000000 | K34: Dinas Perdagangan | L34: 3304126 | M34: Kediri | N34: 12 UNIT | O34: 50000000 | P34: OPERAN DISKOP (ETALASE)
A35: 19 | B35: Transformasi dan Kemandirian Ekonomi | C35: Terjaganya stabilitas inflasi | D35: PROGRAM PENINGKATAN SARANA DISTRIBUSI PERDAGANGAN | E35: Sarana Perdagangan BUMDES desa Gelogor (boxshop) | F35: masyarakat setempat | G35: GELOGOR | H35: GELOGOR SELATAN | I35: 10 unit | J35: 100000000 | K35: Dinas Perdagangan | L35: 3304037 | M35: Kediri | N35: 10 | O35: 100000000 | P35: OPERAN BPMD
A36: 20 | B36: Transformasi dan Kemandirian Ekonomi | C36: Terjaganya stabilitas inflasi | D36: PROGRAM PENINGKATAN SARANA DISTRIBUSI PERDAGANGAN | E36: Kurangnya Alat-Alat dagang bagi pengusaha kecil menegah seperti(Gerobak dan lain lain) | F36: Masyarakat Dusun setempat | G36: BANYUMULEK | H36: DASAN TAWAR | I36: 3 UNIT | J36: 20000000 | K36: Dinas Perdagangan | L36: 3304169 | M36: Kediri | N36: 3 | O36: 19035000
A37: 21 | B37: Transformasi dan Kemandirian Ekonomi | C37: Terjaganya stabilitas inflasi | D37: PROGRAM PENINGKATAN SARANA DISTRIBUSI PERDAGANGAN | E37: banyak Umkm di desa Ombe baru yang memerluka sarana dan prasarana untuk menunjang usahanya (Grobak) | F37: Masyarakat Dusun setempat | G37: OMBE BARU | H37: OMBE BEBAE DAN OMBE DESE | I37: 2x0,80 | J37: 40000000 | K37: Dinas Perdagangan | L37: 2871327 | M37: Kediri | N37: 6 | O37: 38000000
A38: 22 | B38: Transformasi dan Kemandirian Ekonomi | C38: Terjaganya stabilitas inflasi | D38: PROGRAM PENINGKATAN SARANA DISTRIBUSI PERDAGANGAN | E38: Bantuan Sarana dan Prasarana Perdagangan | G38: BAGIK POLAK BARAT | H38: JOGOT SELATAN | I38: 1 paket | J38: 8000000 | K38: Dinas Perdagangan | L38: 2933174 | M38: Labuapi | N38: 1 | O38: 8000000
A39: 23 | B39: Transformasi dan Kemandirian Ekonomi | C39: Terjaganya stabilitas inflasi | D39: PROGRAM PENINGKATAN SARANA DISTRIBUSI PERDAGANGAN | E39: Bantuan Sarana dan Prasarana Perdagangan | G39: Bajur | H39: BAJUR AMPEL | I39: 5 Unit | J39: 25000000 | K39: Dinas Perdagangan | L39: 2914087 | M39: Labuapi | N39: 28 | O39: 177660000 | P39: PAGU BERUBAH (GEROBAK)
A40: 24 | B40: Transformasi dan Kemandirian Ekonomi | C40: Terjaganya stabilitas inflasi | D40: PROGRAM PENINGKATAN SARANA DISTRIBUSI PERDAGANGAN | E40: Bantuan Sarana dan Prasarana Perdagangan | F40: Kelompok . . | G40: Perampuan | H40: PERAMPUAN BARAT | I40: 5 unit | J40: 50000000 | K40: Dinas Perdagangan | L40: 2872813 | M40: Labuapi | N40: 8 | O40: 50760000
A41: 25 | B41: Transformasi dan Kemandirian Ekonomi | C41: Terjaganya stabilitas inflasi | D41: PROGRAM PENINGKATAN SARANA DISTRIBUSI PERDAGANGAN | E41: Permohonan Bantuan Sarana Usaha (Gerobak) UMKM | F41: Masyarakat Dusun setempat | G41: JAGARAGA | H41: DASAN GERES | I41: 1 Paket | J41: 50000000 | K41: Dinas Perdagangan | L41: 3310300 | M41: Kuripan | N41: 10 | O41: 63450000 | P41: GEROBAK
A42: 26 | B42: Transformasi dan Kemandirian Ekonomi | C42: Terjaganya stabilitas inflasi | D42: PROGRAM PENINGKATAN SARANA DISTRIBUSI PERDAGANGAN | E42: Gerobak UMKM | F42: Kelompok UMKM | G42: JEMBATAN GANTUNG | H42: TELUK SEPANG | I42: 4 UNIT | J42: 25000000 | K42: Dinas Perdagangan | L42: 3307568 | M42: Lembar | N42: 4 | O42: 25380000 | P42: OPERAN PERINKOP
A43: 27 | B43: Transformasi dan Kemandirian Ekonomi | C43: Terjaganya stabilitas inflasi | D43: PROGRAM PENINGKATAN SARANA DISTRIBUSI PERDAGANGAN | E43: Bantuan Sarana dan Prasarana Perdagangan | F43: KELOMPOK | G43: JEMBATAN KEMBAR TIMUR | H43: ABROR | I43: 5 UNIT | J43: 15000000 | K43: Dinas Perdagangan | L43: 2959853 | M43: Lembar | N43: 2 | O43: 12690000
A44: 28 | B44: Transformasi dan Kemandirian Ekonomi | C44: Terjaganya stabilitas inflasi | D44: PROGRAM PENINGKATAN SARANA DISTRIBUSI PERDAGANGAN | E44: Bantuan Sarana dan Prasarana Perdagangan | F44: KELOMPOK | G44: JEMBATAN KEMBAR TIMUR | H44: JEMBATAN KEMBAR | I44: 5 UNIT | J44: 15000000 | K44: Dinas Perdagangan | L44: 2959876 | M44: Lembar | N44: 2 | O44: 12690000
A45: 29 | B45: Transformasi dan Kemandirian Ekonomi | C45: Terjaganya stabilitas inflasi | D45: PROGRAM PENINGKATAN SARANA DISTRIBUSI PERDAGANGAN | E45: Bantuan Sarana dan Prasarana Perdagangan | F45: Kelompok | G45: LEMBAR SELATAN | H45: BATU SAMBAN | I45: 5 UNIT | J45: 25000000 | K45: Dinas Perdagangan | L45: 2975266 | M45: Lembar | N45: 3 | O45: 20000000 | P45: PAGU BERUBAH
A46: 30 | B46: Transformasi dan Kemandirian Ekonomi | C46: Terjaganya stabilitas inflasi | D46: PROGRAM PENINGKATAN SARANA DISTRIBUSI PERDAGANGAN | E46: Bantuan Sarana dan Prasarana Perdagangan (KONTAINER/BOXSHOP) | F46: Kelompok UMKM | G46: LEMBAR SELATAN | H46: SEGENTER | I46: 15 UNIT | J46: 67500000 | K46: Dinas Perdagangan | L46: 3307538 | M46: Lembar | N46: 7 | O46: 70000000 | P46: operan perinkop
A47: 32 | B47: Transformasi dan Kemandirian Ekonomi | C47: Terjaganya stabilitas inflasi | D47: PROGRAM PENINGKATAN SARANA DISTRIBUSI PERDAGANGAN | G47: SENGGIGI | H47: kerandangan | I47: 50 Paket | J47: 50000000 | K47: Dinas Perdagangan | M47: Batulayar | N47: 9 | O47: =6345000*N47 -> 57105000 | P47: tambahan baru
A48: 33 | B48: Transformasi dan Kemandirian Ekonomi | C48: Terjaganya stabilitas inflasi | D48: PROGRAM PENINGKATAN SARANA DISTRIBUSI PERDAGANGAN | E48: Bantuan Sarana Prasarana UMKM | F48: Masyarakat Dusun Kembang Kuning | G48: GERIMAX INDAH | H48: KEMBANG KUNING | I48: 10 unit | J48: 10000000 | K48: Dinas Perindustrian, Koperasi, Usaha Kecil dan Menengah, dan Tenaga Kerja | L48: 2798523 | M48: Narmada | N48: 15 | O48: 100000000 | P48: di alihkan ke dinas perdagangan
A49: 34 | B49: Transformasi dan Kemandirian Ekonomi | C49: Terjaganya stabilitas inflasi | D49: PROGRAM PENINGKATAN SARANA DISTRIBUSI PERDAGANGAN | E49: Bantuan sarana prasarana Usaha Mikro Kecil dan Menengah (UMKM) | G49: Karang Bongkot | H49: Perampuan Timur | I49: 4 Paket | J49: 30000000 | K49: Dinas Perindustrian, Koperasi, Usaha Kecil dan Menengah, dan Tenaga Kerja | L49: 2818868 | M49: Labuapi | N49: 5 | O49: 31725000 | P49: Pindah ke Disdag (Rombong)
A50: 35 | B50: Transformasi dan Kemandirian Ekonomi | C50: Terjaganya stabilitas inflasi | D50: PROGRAM PENINGKATAN SARANA DISTRIBUSI PERDAGANGAN | E50: Bantuan UMKM | F50: Kelompok UMKM yang ada pada Dusun Pusuk | G50: PUSUK LESTARI | H50: PUSUK | K50: Dinas Perindustrian, Koperasi, Usaha Kecil dan Menengah, dan Tenaga Kerja | L50: 2938366 | M50: Batulayar | N50: 15 | O50: 100000000 | P50: Pindahan Diskopnaker
A51: 36 | B51: Transformasi dan Kemandirian Ekonomi | C51: Terjaganya stabilitas inflasi | D51: PROGRAM PENINGKATAN SARANA DISTRIBUSI PERDAGANGAN | E51: UKM | F51: Masyarakat Dusun Penimbung Barat | G51: Penimbung | H51: PENIMBUNG BARAT | I51: 3 UNIT | J51: 18000000 | K51: Dinas Perindustrian, Koperasi, Usaha Kecil dan Menengah, dan Tenaga Kerja | L51: 2960802 | M51: Gunung Sari | N51: 2 | O51: 15000000 | P51: Pindahan Diskopnaker
A52: 37 | B52: Transformasi dan Kemandirian Ekonomi | C52: Terjaganya stabilitas inflasi | D52: PROGRAM PENINGKATAN SARANA DISTRIBUSI PERDAGANGAN | G52: Terong Tawah | H52: Terong Tawah Timur | K52: Dinas Perdagangan | M52: Labuapi | N52: 8 | O52: 50000000 | P52: USULAN BARU (GEROBAK)
A53: 38 | B53: Transformasi dan Kemandirian Ekonomi | C53: Terjaganya stabilitas inflasi | D53: PROGRAM PENINGKATAN SARANA DISTRIBUSI PERDAGANGAN | G53: Terong Tawah | H53: Terong Tawah Barat | K53: Dinas Perdagangan | M53: Labuapi | N53: 8 | O53: 50000000 | P53: USULAN BARU (GEROBAK)
A54: 39 | B54: Transformasi dan Kemandirian Ekonomi | C54: Terjaganya stabilitas inflasi | D54: PROGRAM PENINGKATAN SARANA DISTRIBUSI PERDAGANGAN | G54: Terong Tawah | H54: Terong Tawah Presak | K54: Dinas Perdagangan | M54: Labuapi | N54: 8 | O54: 50000000 | P54: USULAN BARU (GEROBAK)
A55: 40 | B55: Transformasi dan Kemandirian Ekonomi | C55: Terjaganya stabilitas inflasi | D55: PROGRAM PENINGKATAN SARANA DISTRIBUSI PERDAGANGAN | G55: Terong Tawah | H55: Jerneng Mekar | K55: Dinas Perdagangan | M55: Labuapi | N55: 8 | O55: 50000000 | P55: USULAN BARU (GEROBAK)
A56: 41 | B56: Transformasi dan Kemandirian Ekonomi | C56: Terjaganya stabilitas inflasi | D56: PROGRAM PENINGKATAN SARANA DISTRIBUSI PERDAGANGAN | G56: Terong Tawah | H56: Jerneng Darmaji | K56: Dinas Perdagangan | M56: Labuapi | N56: 8 | O56: 50000000 | P56: USULAN BARU (GEROBAK)
A57: 42 | B57: Transformasi dan Kemandirian Ekonomi | C57: Terjaganya stabilitas inflasi | D57: PROGRAM PENINGKATAN SARANA DISTRIBUSI PERDAGANGAN | G57: Terong Tawah | H57: Jerneng Kalijaga | K57: Dinas Perdagangan | M57: Labuapi | N57: 8 | O57: 50000000 | P57: USULAN BARU (GEROBAK)
A58: 43 | B58: Transformasi dan Kemandirian Ekonomi | C58: Terjaganya stabilitas inflasi | D58: PROGRAM PENINGKATAN SARANA DISTRIBUSI PERDAGANGAN | G58: Terong Tawah | H58: Jerneng Induk | K58: Dinas Perdagangan | M58: Labuapi | N58: 8 | O58: 50000000 | P58: USULAN BARU (GEROBAK)
A59: 44 | B59: Transformasi dan Kemandirian Ekonomi | C59: Terjaganya stabilitas inflasi | D59: PROGRAM PENINGKATAN SARANA DISTRIBUSI PERDAGANGAN | E59: Bantuan Sarana dan Prasarana Perdagangan | F59: Masyarakat Dusun Madek Belek II | G59: Cendi Manik | H59: Empol Timur | K59: Dinas Pekerjaan Umum, Penataan Ruang, Perumahan dan Kawasan Permukiman | M59: Sekotong | N59: 13 | O59: 111280000 | P59: Usulan Baru dialihkan ke dinas perdagangan (Kontainer jualan)
A60: 45 | B60: Transformasi dan Kemandirian Ekonomi | C60: Terjaganya stabilitas inflasi | D60: PROGRAM PENINGKATAN SARANA DISTRIBUSI PERDAGANGAN | E60: Pengadaan Gerobak bagi UKM Pantai Indok | G60: Taman Ayu | H60: Karang Genteng | K60: Dinas Pekerjaan Umum, Penataan Ruang, Perumahan dan Kawasan Permukiman | M60: Gerung | N60: 3 | O60: 21250000 | P60: Usulan Baru dialihkan ke dinas perdagangan
A61: 46 | B61: Transformasi dan Kemandirian Ekonomi | C61: Terjaganya stabilitas inflasi | D61: PROGRAM PENINGKATAN SARANA DISTRIBUSI PERDAGANGAN | E61: Pengadaan Terop UMKM | F61: Klp UMKM | G61: Eyat Mayang | H61: Eyat Mayang Selatan | K61: Dinas Pekerjaan Umum, Penataan Ruang, Perumahan dan Kawasan Permukiman | M61: Lembar | N61: 6 | O61: 37170483 | P61: Usulan Baru dialihkan ke dinas perdagangan
A62: 47 | B62: Transformasi dan Kemandirian Ekonomi | C62: Terjaganya stabilitas inflasi | D62: PROGRAM PENINGKATAN SARANA DISTRIBUSI PERDAGANGAN | E62: Pengadaan Gerobak | F62: Klp UMKM | G62: Granada | H62: Jembatan Kembar | K62: Dinas Pekerjaan Umum, Penataan Ruang, Perumahan dan Kawasan Permukiman | M62: Lembar | N62: 6 | O62: 38133300 | P62: Usulan Baru dialihkan ke dinas perdagangan
A63: 48 | B63: Transformasi dan Kemandirian Ekonomi | C63: Terjaganya stabilitas inflasi | D63: PROGRAM PENINGKATAN SARANA DISTRIBUSI PERDAGANGAN | E63: Pengadaan Gerobak | F63: Klp UMKM | G63: Jembatan Kembar Timur | H63: Jembatan Kembar | K63: Dinas Pekerjaan Umum, Penataan Ruang, Perumahan dan Kawasan Permukiman | M63: Lembar | N63: 3 | O63: 25000000 | P63: Usulan Baru dialihkan ke dinas perdagangan
A64: 49 | B64: Transformasi dan Kemandirian Ekonomi | C64: Terjaganya stabilitas inflasi | D64: PROGRAM PENINGKATAN SARANA DISTRIBUSI PERDAGANGAN | E64: Gerobak UMKM | F64: Masyarakat Dusun Montong Pace | G64: Montong Pace | H64: Jatisela | K64: Dinas Pekerjaan Umum, Penataan Ruang, Perumahan dan Kawasan Permukiman | M64: Gunung Sari | N64: 3 | O64: 20000000 | P64: Usulan Baru dialihkan ke dinas perdagangan
A65: 50 | E65: Bantuan Sarana dan Prasarana Perdagangan (gerobak dagang) | G65: Babussalam | H65: BEREMI BARAT | K65: Dinas Perdagangan | M65: Gerung | N65: 2 | O65: 14000000 | P65: Gerobak dagang
A66: 51 | E66: Bantuan Sarana dan Prasarana Perdagangan (gerobak dagang) | G66: Babussalam | H66: BEREMI TIMUR | K66: Dinas Perdagangan | M66: Gerung | N66: 2 | O66: 14000000 | P66: Gerobak dagang
A67: 52 | E67: Bantuan Sarana dan Prasarana Perdagangan (gerobak dagang) | G67: Babussalam | H67: LEMOKEK DAYE | K67: Dinas Perdagangan | M67: Gerung | N67: 2 | O67: 14000000 | P67: Gerobak dagang
A68: 53 | E68: Bantuan Sarana dan Prasarana Perdagangan (gerobak dagang) | G68: Babussalam | H68: LEMOKEK LAUK | K68: Dinas Perdagangan | M68: Gerung | N68: 2 | O68: 14000000 | P68: Gerobak dagang
A69: 54 | E69: Bantuan Sarana dan Prasarana Perdagangan (gerobak dagang) | G69: Babussalam | H69: BANGKET BAWAK | K69: Dinas Perdagangan | M69: Gerung | N69: 2 | O69: 14000000 | P69: Gerobak dagang
A70: 55 | E70: Bantuan Sarana dan Prasarana Perdagangan (gerobak dagang) | G70: Babussalam | H70: BILEKEDIT UTARA | K70: Dinas Perdagangan | M70: Gerung | N70: 6 | O70: 42000000 | P70: Gerobak dagang
A71: 56 | E71: Bantuan Sarana dan Prasarana Perdagangan (gerobak dagang) | G71: Babussalam | H71: BILAKEDIT SELATAN | K71: Dinas Perdagangan | M71: Gerung | N71: 2 | O71: 14000000 | P71: Gerobak dagang
A72: 57 | E72: Bantuan Sarana dan Prasarana Perdagangan (gerobak dagang) | G72: Babussalam | H72: KARANG LANGKO | K72: Dinas Perdagangan | M72: Gerung | N72: 2 | O72: 14000000 | P72: Gerobak dagang
A73: 58 | E73: Bantuan Sarana dan Prasarana Perdagangan (gerobak dagang) | G73: Babussalam | H73: PETURUNAN PUNTIK | K73: Dinas Perdagangan | M73: Gerung | N73: 2 | O73: 14000000 | P73: Gerobak dagang
A74: 59 | E74: Pengadaan gerobak ibu2 | G74: BABUSSALAM | H74: BILAKEDIT BARAT | K74: Dinas Perdagangan | M74: Gerung | O74: 10000000 | P74: Salah OPD, tetapi belum masuk pada usulan di dinas perdagangan suruh desa konfirmasi ke Dinas Perdagangan
A75: 1 | B75: Infrastruktur Berkelanjutan | C75: Meningkatnya Kualitas Lingkungan Hidup | D75: Program Penyelenggaraan Lalu Lintas dan Angkutan Jalan (LLAJ) | E75: Pengadaan Penerangan Jalan | F75: Masyarakat Dusun Batu penyu dan sekitarnya | G75: PUSUK LESTARI | H75: KEDONDONG ATAS | I75: 50 unit | J75: 250000000 | K75: Dinas Perhubungan | L75: 2938293 | M75: Batulayar | N75: 12 unit | O75: 201000000 | P75: Diakomodir melalui pengalihan anggaran
A76: =A75+1 -> 2 | B76: Infrastruktur Berkelanjutan | C76: Meningkatnya Kualitas Lingkungan Hidup | D76: Program Penyelenggaraan Lalu Lintas dan Angkutan Jalan (LLAJ) | E76: penerang jalan lingkungan ( lampu jalan ) | F76: Masyarakat Dusun Lembah sari dan sekitarnya | G76: LEMBAH SARI | H76: LEMBAH SARI | J76: 20000000 | K76: Dinas Perhubungan | L76: 2846452 | M76: Batulayar | N76: 5 titik | O76: 83750000 | P76: Tambahan Anggaran dari Dusun yang berada di Desa Lembah sari
A77: =A76+1 -> 3 | B77: Infrastruktur Berkelanjutan | C77: Meningkatnya Kualitas Lingkungan Hidup | D77: Program Penyelenggaraan Lalu Lintas dan Angkutan Jalan (LLAJ) | E77: Penerang Jalan Umum | F77: Masyarakat Dusun Gunungsari Indah | G77: GUNUNGSARI | H77: Gunungsari Indah | K77: Dinas Perhubungan | L77: ID Belum Ada | M77: Gunung Sari | N77: 3 unit | O77: 50000000 | P77: Usulan Baru
A78: =A77+1 -> 4 | B78: Infrastruktur Berkelanjutan | C78: Meningkatnya Kualitas Lingkungan Hidup | D78: Program Penyelenggaraan Lalu Lintas dan Angkutan Jalan (LLAJ) | E78: Kaca Vortex | F78: Masyarakat Dusun Belencong Bagek | G78: MIDANG | H78: Belencong Bagek | I78: 1 Unit | J78: 5000000 | K78: Dinas Perhubungan | L78: 2978277 | M78: Gunung Sari | N78: 1 Unit | O78: 10550000 | P78: Ini masih hitungan fisik, belum termasuk jasa dll.
A79: =A78+1 -> 5 | B79: Infrastruktur Berkelanjutan | C79: Meningkatnya Kualitas Lingkungan Hidup | D79: Program Penyelenggaraan Lalu Lintas dan Angkutan Jalan (LLAJ) | E79: Kaca Vortex | F79: Masyarakat Dusun Penanggak | G79: MIDANG | H79: PENANGGAK (MIDANG) | I79: 1 Unit | J79: 5000000 | K79: Dinas Perhubungan | L79: 2972587 | M79: Gunung Sari | N79: 1 Unit | O79: 10550000 | P79: Ini masih hitungan fisik, belum termasuk jasa dll.
A80: =A79+1 -> 6 | B80: Infrastruktur Berkelanjutan | C80: Meningkatnya pembangunan Infrastruktur Dasar dan Konektivitas Antar Wilayah | D80: Program Penyelenggaraan Lalu Lintas dan Angkutan Jalan (LLAJ) | E80: Pengadaan PJU | F80: Masyarakat Dusun Johar Pelita | G80: Jatisela | H80: JOHAR PELITA | K80: Dinas Perhubungan | L80: ID Belum Ada | M80: Gunung Sari | N80: 7 Unit | O80: 129950000 | P80: Sesuai kesepakatan hari senin 2 Maret 2026
A81: =A80+1 -> 7 | B81: Infrastruktur Berkelanjutan | C81: Meningkatnya pembangunan Infrastruktur Dasar dan Konektivitas Antar Wilayah | D81: Program Penyelenggaraan Lalu Lintas dan Angkutan Jalan (LLAJ) | E81: Pengadaan PJU | F81: Masyarakat Dusun Griya Praja Asri | G81: Jatisela | H81: GRIYA PRAJA ASRI | K81: Dinas Perhubungan | L81: ID Belum Ada | M81: Gunung Sari | N81: 7 Unit | O81: 129950000 | P81: Sesuai kesepakatan hari senin 2 Maret 2026
A82: =A81+1 -> 8 | B82: Infrastruktur Berkelanjutan | C82: Meningkatnya Kualitas Lingkungan Hidup | D82: Program Penyelenggaraan Lalu Lintas dan Angkutan Jalan (LLAJ) | E82: Pengadaan Lampu Jalan | F82: Masyarakat Dusun Batu Kemalik | G82: BUKIT TINGGI | H82: BATU KEMALIK | I82: 11 unit | J82: 51000000 | K82: Dinas Perhubungan | L82: 2821269 | M82: Gunung Sari | N82: 3 unit | O82: =16750000*3 -> 50250000 | P82: Ini masih hitungan fisik belum termasuk jasa dll. Belum ada titik koordinat.
A83: =A82+1 -> 9 | B83: Infrastruktur Berkelanjutan | C83: Meningkatnya Kualitas Lingkungan Hidup | D83: Program Penyelenggaraan Lalu Lintas dan Angkutan Jalan (LLAJ) | E83: Pengadaan dan Pemeliharaan Perlengkapan Jalan Penerangan Jalan Umum (PJU) | F83: Masyarakat | G83: Dasan Geria | H83: DASAN GERIA SELATAN | I83: 1 Paket | J83: 150000000 | K83: Dinas Perhubungan | L83: 2942621 | M83: Lingsar | N83: 8 titik | O83: 134000000 | P83: Ini masih hitungan fisik, belum termasuk jasa dll.
A84: =A83+1 -> 10 | B84: Infrastruktur Berkelanjutan | C84: Meningkatnya Kualitas Lingkungan Hidup | D84: Program Penyelenggaraan Lalu Lintas dan Angkutan Jalan (LLAJ) | E84: Pengadaan dan Pemeliharaan perlengkapan jalan Penerangan Jalan Umum (PJU) | F84: Warga Dusun | G84: Langko | H84: Langko Timuk | I84: 1 Unit | J84: 25000000 | K84: Dinas Perhubungan | L84: 2848845 | M84: Lingsar | N84: 1 unit | O84: 50000000 | P84: Berdasarkan usulan Desa Langko yang terdiri dari beberapa dusun, akan digabung yaitu dusun sangiang, dusun langko lauk, dusun langko bat, dusun langko daye, dusun langko timuk, dan dusun muhajirin untuk pengadaan PJU. Volume masih hitungan secara fisik, belum termasuk jasa dll. Belum ada titik koordinat.
A85: =A84+1 -> 11 | B85: Infrastruktur Berkelanjutan | C85: Meningkatnya Kualitas Lingkungan Hidup | D85: Program Penyelenggaraan Lalu Lintas dan Angkutan Jalan (LLAJ) | E85: Pengadaan dan Pemeliharaan perlengkapan jalan Penerangan Jalan Umum (PJU) | F85: Masyarakat Dusun Bagik Nunggal Tengah | G85: PETELUAN INDAH | H85: BAGIK NUNGGAL | I85: 14 titik | J85: 28000000 | K85: Dinas Perhubungan | L85: 2909530 | M85: Lingsar | N85: 1 unit | P85: Berdasarkan usulan Desa Langko yang terdiri dari beberapa dusun, akan digabung yaitu dusun sangiang, dusun langko lauk, dusun langko bat, dusun langko daye, dusun langko timuk, dan dusun muhajirin untuk pengadaan PJU. Volume masih hitungan secara fisik, belum termasuk jasa dll. Belum ada titik koordinat.
A86: =A85+1 -> 12 | B86: Infrastruktur Berkelanjutan | C86: Meningkatnya Kualitas Lingkungan Hidup | D86: Program Penyelenggaraan Lalu Lintas dan Angkutan Jalan (LLAJ) | E86: Pengadaan, Rehabilitasi dan pemeliharaan perlengkapan jalan Kabupaten Lombok Barat | F86: Masyarakat Dusun Bagik Nunggal Tengah | G86: PETELUAN INDAH | H86: BAGIK NUNGGAL | I86: 1 ls | J86: 10000000 | K86: Dinas Perhubungan | L86: 2910363 | M86: Lingsar | N86: menyesuaikan | P86: Untuk desa Peteluan Indah yang terdapat pengusulan di 2 dusun yaitu dusun bagik nunggal tengah dan dusun bagik nunggal timur sesuai kesepakatan akan digabung pagunya untuk pemeliharaan PJU.
A87: =A86+1 -> 13 | B87: Infrastruktur Berkelanjutan | C87: Meningkatnya Kualitas Lingkungan Hidup | D87: Program Penyelenggaraan Lalu Lintas dan Angkutan Jalan (LLAJ) | E87: Pengadaan, Rehabilitasi dan pemeliharaan perlengkapan jalan Kabupaten Lombok Barat | F87: Masyarakat Dusun Bagik Nunggal Timur | G87: PETELUAN INDAH | H87: BAGIK NUNGGAL TIMUR | I87: 50m | J87: 100000000 | K87: Dinas Perhubungan | L87: 2910429 | M87: Lingsar | N87: menyesuaikan | O87: 110000000 | P87: Untuk desa Peteluan Indah yang terdapat pengusulan di 2 dusun yaitu dusun bagik nunggal tengah dan dusun bagik nunggal timur sesuai kesepakatan akan digabung pagunya untuk pemeliharaan PJU.
A88: =A87+1 -> 14 | B88: Infrastruktur Berkelanjutan | C88: Meningkatnya Kualitas Lingkungan Hidup | D88: Program Penyelenggaraan Lalu Lintas dan Angkutan Jalan (LLAJ) | E88: Pengadaan Dan Pemeliharaan Perlengkapan Jalan Penerangan Jalan Umum (Pju) (Pengadaan Tiang Listrik) | F88: Warga Dusun | G88: DUMAN | H88: DUMAN UTARA | I88: 1000 M | J88: 100000000 | K88: Dinas Perhubungan | L88: 2915235 | M88: Lingsar | N88: 6 unit | O88: 100500000 | P88: Usulan yang terdapat di Desa duman dusun dasan bat dan dusun duman utara, sesuai kesepakatan akan digabung untuk pengadaan PJU sesuai standar harga dinas.
A89: =A88+1 -> 15 | B89: Infrastruktur Berkelanjutan | C89: Meningkatnya Kualitas Lingkungan Hidup | D89: Program Penyelenggaraan Lalu Lintas dan Angkutan Jalan (LLAJ) | E89: Pengadaan dan Pemeliharaan perlengkapan jalan Penerangan Jalan Umum (PJU) | F89: Masyarakat Dusun Rumbuk | G89: BATU MEKAR | H89: Rumbuk | I89: 50 Titik | J89: 120000000 | K89: Dinas Perhubungan | L89: 3149918 | M89: Lingsar | N89: 7 unit | O89: 117250000 | P89: Usulan yang terdapat di Desa duman dusun dasan bat dan dusun duman utara, sesuai kesepakatan akan digabung untuk pengadaan PJU sesuai standar harga dinas. Perhitungan baru fisiknya saja belum termasuk jasa dll.
A90: =A89+1 -> 16 | B90: Infrastruktur Berkelanjutan | C90: Meningkatnya Kualitas Lingkungan Hidup | D90: Program Penyelenggaraan Lalu Lintas dan Angkutan Jalan (LLAJ) | E90: Pengadaan dan Pemeliharaan perlengkapan jalan Penerangan Jalan Umum (PJU) | F90: Masyarakat Dusun Endut | G90: BATU MEKAR | H90: Endut | I90: 50 Titik | J90: 120000000 | K90: Dinas Perhubungan | L90: 2871486 | M90: Lingsar | N90: 6 unit | O90: 100500000
A91: =A90+1 -> 17 | B91: Infrastruktur Berkelanjutan | C91: Meningkatnya Kualitas Lingkungan Hidup | D91: Program Penyelenggaraan Lalu Lintas dan Angkutan Jalan (LLAJ) | E91: Masih Kurangnya Penerangan lampu jalan di setiap dusun yang ada di desa giri madia, | F91: warga Desa | G91: GIRI MADIA | H91: LEONG | I91: 1 Set | J91: 20000000 | K91: Dinas Perhubungan | L91: 2824567 | M91: Lingsar | N91: 1 unit | O91: 0 | P91: Ini masih hitungan fisik, belum termasuk jasa dll. Belum ada titik koordinat.
A92: =A91+1 -> 18 | B92: Infrastruktur Berkelanjutan | C92: Meningkatnya Kualitas Lingkungan Hidup | D92: Program Penyelenggaraan Lalu Lintas dan Angkutan Jalan (LLAJ) | E92: Pengadaan dan Pemeliharaan Perlengkapan Jalan Penerangan Jalan Umum (PJU) | F92: Masyarakat Desa Batu Kuta | G92: BATU KUTA | H92: BATU KUTA LENTING | I92: 200 M | J92: 100000000 | K92: Dinas Perhubungan | L92: 2935974 | M92: Narmada | N92: 8 unit | O92: 134000000
A93: =A92+1 -> 19 | B93: Infrastruktur Berkelanjutan | C93: Meningkatnya Kualitas Lingkungan Hidup | D93: Program Penyelenggaraan Lalu Lintas dan Angkutan Jalan (LLAJ) | E93: Lampu Penerang Jalan (PJU) | F93: Masyarakat Dusun Dasan Tereng Selatan | G93: DASAN TERENG | H93: DASAN TERENG SELATAN | I93: 3 TITIK | J93: 30000000 | K93: Dinas Perhubungan | L93: 2963095 | M93: Narmada | N93: 2 titk | O93: 50000000
A94: =A93+1 -> 20 | B94: Infrastruktur Berkelanjutan | C94: Meningkatnya Kualitas Lingkungan Hidup | D94: Program Penyelenggaraan Lalu Lintas dan Angkutan Jalan (LLAJ) | E94: Pengadaan dan pemeliharaan PJU | F94: Masyarakat di Dusun Orong Sedalem | G94: Suranadi | H94: Orong Sedalem | I94: 50 titik | J94: - | K94: Dinas Perhubungan | L94: 2959291 | M94: Narmada | O94: 110000000
A95: =A94+1 -> 21 | B95: Infrastruktur Berkelanjutan | C95: Meningkatnya Kualitas Lingkungan Hidup | D95: Program Penyelenggaraan Lalu Lintas dan Angkutan Jalan (LLAJ) | E95: Penerangan Jalan Umum | F95: 6307 Orang (Masyarakat) | G95: SESAOT | H95: SESAOT TIMUR | I95: 45 titik | J95: 35000000 | K95: Dinas Perhubungan | L95: 2930917 + 2930927 | M95: Narmada | N95: menyesuaikan | O95: 50000000
A96: =A95+1 -> 22 | B96: Infrastruktur Berkelanjutan | C96: Meningkatnya Kualitas Lingkungan Hidup | D96: Program Penyelenggaraan Lalu Lintas dan Angkutan Jalan (LLAJ) | E96: pengadaan penerangan jalan sejumlah 20 titik | F96: Masyarakat Dusun setempat | G96: JAGARAGA INDAH | H96: Tinggar Karang Anyar | I96: 20 | J96: 20000000 | K96: Dinas Perhubungan | L96: 2820196 | M96: Kediri | N96: 2 unit | O96: 50000000
A97: =A96+1 -> 23 | B97: Infrastruktur Berkelanjutan | C97: Meningkatnya Kualitas Lingkungan Hidup | D97: Program Penyelenggaraan Lalu Lintas dan Angkutan Jalan (LLAJ) | E97: Masih gelapnya jln Tgh Abd hafiz Alkholidi perlu pemasangan PJU 3 Titik | F97: Masyarakat Dusun setempat | G97: KEDIRI SELATAN | H97: TERATE | I97: 3 Unit | J97: 50000000 | K97: Dinas Perhubungan | L97: 2928196 | M97: Kediri | N97: 3 unit | O97: 50000000
A98: =A97+1 -> 24 | B98: Infrastruktur Berkelanjutan | C98: Meningkatnya Kualitas Lingkungan Hidup | D98: Program Penyelenggaraan Lalu Lintas dan Angkutan Jalan (LLAJ) | E98: Pemasangan PJU | F98: Pengguna Jalan | G98: KEDIRI SELATAN | H98: SEDAYU TENGAH | I98: 6 Unit | J98: 100000000 | K98: Dinas Perhubungan | L98: 2928393 | M98: Kediri | N98: 6 Unit | O98: 100000000
A99: =A98+1 -> 25 | B99: Infrastruktur Berkelanjutan | C99: Meningkatnya Kualitas Lingkungan Hidup | D99: Program Penyelenggaraan Lalu Lintas dan Angkutan Jalan (LLAJ) | E99: Pemasangan PJU | F99: Masyarakat Dusun setempat | G99: KEDIRI SELATAN | H99: BANGKET DALEM | I99: 6 Unit | J99: 100000000 | K99: Dinas Perhubungan | L99: 2929100 | M99: Kediri | N99: 6 Unit | O99: 100000000
A100: =A99+1 -> 26 | B100: Infrastruktur Berkelanjutan | C100: Meningkatnya Kualitas Lingkungan Hidup | D100: Program Penyelenggaraan Lalu Lintas dan Angkutan Jalan (LLAJ) | E100: Pengadaan Lampu PJU | F100: Masyarakat Dusun | G100: BAGIK POLAK | H100: KARANG BUCU LAUK | I100: 1 Paket | J100: 25000000 | K100: Dinas Perhubungan | L100: 2911253 | M100: Labuapi | N100: 1 titik | P100: Ini baru hitungan fisiknya saja, belum termasuk hitungan jasa dan lainnya.
A101: =A100+1 -> 27 | B101: Infrastruktur Berkelanjutan | C101: Meningkatnya Kualitas Lingkungan Hidup | D101: Program Penyelenggaraan Lalu Lintas dan Angkutan Jalan (LLAJ) | E101: Pengadaan Lampu PJU | F101: Masyarakat Dusun | G101: BAGIK POLAK | H101: KARANG BUCU BARAT | I101: 1 Paket | J101: 25000000 | K101: Dinas Perhubungan | L101: 2911253 | M101: Labuapi | N101: 1 titik | P101: Ini baru hitungan fisiknya saja, belum termasuk hitungan jasa dan lainnya.
A102: =A101+1 -> 28 | B102: Infrastruktur Berkelanjutan | C102: Meningkatnya Kualitas Lingkungan Hidup | D102: Program Penyelenggaraan Lalu Lintas dan Angkutan Jalan (LLAJ) | E102: Pengadaan Lampu PJU | F102: Masyarakat Dusun | G102: BAGIK POLAK | H102: KARANG BUCU DAYE | I102: 1 Paket | J102: 25000000 | K102: Dinas Perhubungan | L102: 2911253 | M102: Labuapi | N102: 1 titik | P102: Ini baru hitungan fisiknya saja, belum termasuk hitungan jasa dan lainnya.
...

Sheet OPD_KEC_musrenbang
A1: REKAP PER OPD_KECAMATAN USULAN DESA TAHUN 2027 (FORUM PERANGKAT DAERAH)
A2: Rekap Tanggal 3 April 2026
A3: NO | B3: OPD TUJUAN | C3: Batulayar | D3: Gerung | E3: GUNUNG SARI | F3: Kediri | G3: Kuripan | H3: Labuapi | I3: Lembar | J3: Lingsar | K3: Narmada | L3: Sekotong | M3: JUMLAH | N3: PAGU TOTAL OPD | O3: PROGRAM PENUNJANG | P3: PAGU CORE BISNIS | Q3: SELISIH PAGU COR BISNIS DGN USULAN DESA
A4: 1 | B4: Badan Kesatuan Bangsa dan Politik | M4: =SUM(C4:L4) -> 0 | N4: 8867508178 | O4: 4442008178 | P4: =N4-O4 -> 4425500000 | Q4: =P4-M4 -> 4425500000
A5: =A4+1 -> 2 | B5: Dinas Kearsipan dan Perpustakaan | C5: =SUMIFS('[1]REKAP MUSRENKAB 17 MARET'!$Q$6:$Q$1488,'[1]REKAP MUSRENKAB 17 MARET'!$K$6:$K$1488,B5,'[1]REKAP MUSRENKAB 17 MARET'!$O$6:$O$1488,$C$3) -> 0 | D5: =SUMIFS('[1]REKAP MUSRENKAB 17 MARET'!$Q$6:$Q$1488,'[1]REKAP MUSRENKAB 17 MARET'!$K$6:$K$1488,B5,'[1]REKAP MUSRENKAB 17 MARET'!$O$6:$O$1488,$D$3) -> 0 | E5: =SUMIFS('[1]REKAP MUSRENKAB 17 MARET'!$Q$6:$Q$1488,'[1]REKAP MUSRENKAB 17 MARET'!$K$6:$K$1488,B5,'[1]REKAP MUSRENKAB 17 MARET'!$O$6:$O$1488,$E$3) -> 0 | F5: =SUMIFS('[1]REKAP MUSRENKAB 17 MARET'!$Q$6:$Q$1488,'[1]REKAP MUSRENKAB 17 MARET'!$K$6:$K$1488,B5,'[1]REKAP MUSRENKAB 17 MARET'!$O$6:$O$1488,$F$3) -> 0 | G5: =SUMIFS('[1]REKAP MUSRENKAB 17 MARET'!$Q$6:$Q$1488,'[1]REKAP MUSRENKAB 17 MARET'!$K$6:$K$1488,B5,'[1]REKAP MUSRENKAB 17 MARET'!$O$6:$O$1488,$G$3) -> 0 | H5: =SUMIFS('[1]REKAP MUSRENKAB 17 MARET'!$Q$6:$Q$1488,'[1]REKAP MUSRENKAB 17 MARET'!$K$6:$K$1488,B5,'[1]REKAP MUSRENKAB 17 MARET'!$O$6:$O$1488,$H$3) -> 0 | I5: =SUMIFS('[1]REKAP MUSRENKAB 17 MARET'!$Q$6:$Q$1488,'[1]REKAP MUSRENKAB 17 MARET'!$K$6:$K$1488,B5,'[1]REKAP MUSRENKAB 17 MARET'!$O$6:$O$1488,$I$3) -> 0 | J5: =SUMIFS('[1]REKAP MUSRENKAB 17 MARET'!$Q$6:$Q$1488,'[1]REKAP MUSRENKAB 17 MARET'!$K$6:$K$1488,B5,'[1]REKAP MUSRENKAB 17 MARET'!$O$6:$O$1488,$J$3) -> 0 | K5: =SUMIFS('[1]REKAP MUSRENKAB 17 MARET'!$Q$6:$Q$1488,'[1]REKAP MUSRENKAB 17 MARET'!$K$6:$K$1488,B5,'[1]REKAP MUSRENKAB 17 MARET'!$O$6:$O$1488,$K$3) -> 0 | L5: =SUMIFS('[1]REKAP MUSRENKAB 17 MARET'!$Q$6:$Q$1488,'[1]REKAP MUSRENKAB 17 MARET'!$K$6:$K$1488,B5,'[1]REKAP MUSRENKAB 17 MARET'!$O$6:$O$1488,$L$3) -> 0 | M5: =SUM(C5:L5) -> 0 | P5: =N5-O5 -> 0 | Q5: =P5-M5 -> 0
A6: =A5+1 -> 3 | B6: Dinas Kesehatan, Pengendalian Penduduk dan Keluarga Berencana | C6: =SUMIFS('[1]REKAP MUSRENKAB 17 MARET'!$Q$6:$Q$1488,'[1]REKAP MUSRENKAB 17 MARET'!$K$6:$K$1488,B6,'[1]REKAP MUSRENKAB 17 MARET'!$O$6:$O$1488,$C$3) -> 0 | D6: =SUMIFS('[1]REKAP MUSRENKAB 17 MARET'!$Q$6:$Q$1488,'[1]REKAP MUSRENKAB 17 MARET'!$K$6:$K$1488,B6,'[1]REKAP MUSRENKAB 17 MARET'!$O$6:$O$1488,$D$3) -> 0 | E6: =SUMIFS('[1]REKAP MUSRENKAB 17 MARET'!$Q$6:$Q$1488,'[1]REKAP MUSRENKAB 17 MARET'!$K$6:$K$1488,B6,'[1]REKAP MUSRENKAB 17 MARET'!$O$6:$O$1488,$E$3) -> 0 | F6: =SUMIFS('[1]REKAP MUSRENKAB 17 MARET'!$Q$6:$Q$1488,'[1]REKAP MUSRENKAB 17 MARET'!$K$6:$K$1488,B6,'[1]REKAP MUSRENKAB 17 MARET'!$O$6:$O$1488,$F$3) -> 0 | G6: =SUMIFS('[1]REKAP MUSRENKAB 17 MARET'!$Q$6:$Q$1488,'[1]REKAP MUSRENKAB 17 MARET'!$K$6:$K$1488,B6,'[1]REKAP MUSRENKAB 17 MARET'!$O$6:$O$1488,$G$3) -> 0 | H6: =SUMIFS('[1]REKAP MUSRENKAB 17 MARET'!$Q$6:$Q$1488,'[1]REKAP MUSRENKAB 17 MARET'!$K$6:$K$1488,B6,'[1]REKAP MUSRENKAB 17 MARET'!$O$6:$O$1488,$H$3) -> 752840000 | I6: =SUMIFS('[1]REKAP MUSRENKAB 17 MARET'!$Q$6:$Q$1488,'[1]REKAP MUSRENKAB 17 MARET'!$K$6:$K$1488,B6,'[1]REKAP MUSRENKAB 17 MARET'!$O$6:$O$1488,$I$3) -> 0 | J6: =SUMIFS('[1]REKAP MUSRENKAB 17 MARET'!$Q$6:$Q$1488,'[1]REKAP MUSRENKAB 17 MARET'!$K$6:$K$1488,B6,'[1]REKAP MUSRENKAB 17 MARET'!$O$6:$O$1488,$J$3) -> 0 | K6: =SUMIFS('[1]REKAP MUSRENKAB 17 MARET'!$Q$6:$Q$1488,'[1]REKAP MUSRENKAB 17 MARET'!$K$6:$K$1488,B6,'[1]REKAP MUSRENKAB 17 MARET'!$O$6:$O$1488,$K$3) -> 25830000 | L6: =SUMIFS('[1]REKAP MUSRENKAB 17 MARET'!$Q$6:$Q$1488,'[1]REKAP MUSRENKAB 17 MARET'!$K$6:$K$1488,B6,'[1]REKAP MUSRENKAB 17 MARET'!$O$6:$O$1488,$L$3) -> 0 | M6: =SUM(C6:L6) -> 778670000 | N6: 699757253403 | O6: 324873540000 | P6: =N6-O6 -> 374883713403 | Q6: =P6-M6 -> 374105043403
A7: =A6+1 -> 4 | B7: Dinas Kelautan, Perikanan, dan Ketahanan Pangan | C7: =SUMIFS('[1]REKAP MUSRENKAB 17 MARET'!$Q$6:$Q$1488,'[1]REKAP MUSRENKAB 17 MARET'!$K$6:$K$1488,B7,'[1]REKAP MUSRENKAB 17 MARET'!$O$6:$O$1488,$C$3) -> 140000000 | D7: =SUMIFS('[1]REKAP MUSRENKAB 17 MARET'!$Q$6:$Q$1488,'[1]REKAP MUSRENKAB 17 MARET'!$K$6:$K$1488,B7,'[1]REKAP MUSRENKAB 17 MARET'!$O$6:$O$1488,$D$3) -> 0 | E7: =SUMIFS('[1]REKAP MUSRENKAB 17 MARET'!$Q$6:$Q$1488,'[1]REKAP MUSRENKAB 17 MARET'!$K$6:$K$1488,B7,'[1]REKAP MUSRENKAB 17 MARET'!$O$6:$O$1488,$E$3) -> 178000000 | F7: =SUMIFS('[1]REKAP MUSRENKAB 17 MARET'!$Q$6:$Q$1488,'[1]REKAP MUSRENKAB 17 MARET'!$K$6:$K$1488,B7,'[1]REKAP MUSRENKAB 17 MARET'!$O$6:$O$1488,$F$3) -> 0 | G7: =SUMIFS('[1]REKAP MUSRENKAB 17 MARET'!$Q$6:$Q$1488,'[1]REKAP MUSRENKAB 17 MARET'!$K$6:$K$1488,B7,'[1]REKAP MUSRENKAB 17 MARET'!$O$6:$O$1488,$G$3) -> 0 | H7: =SUMIFS('[1]REKAP MUSRENKAB 17 MARET'!$Q$6:$Q$1488,'[1]REKAP MUSRENKAB 17 MARET'!$K$6:$K$1488,B7,'[1]REKAP MUSRENKAB 17 MARET'!$O$6:$O$1488,$H$3) -> 60000000 | I7: =SUMIFS('[1]REKAP MUSRENKAB 17 MARET'!$Q$6:$Q$1488,'[1]REKAP MUSRENKAB 17 MARET'!$K$6:$K$1488,B7,'[1]REKAP MUSRENKAB 17 MARET'!$O$6:$O$1488,$I$3) -> 25000000 | J7: =SUMIFS('[1]REKAP MUSRENKAB 17 MARET'!$Q$6:$Q$1488,'[1]REKAP MUSRENKAB 17 MARET'!$K$6:$K$1488,B7,'[1]REKAP MUSRENKAB 17 MARET'!$O$6:$O$1488,$J$3) -> 0 | K7: =SUMIFS('[1]REKAP MUSRENKAB 17 MARET'!$Q$6:$Q$1488,'[1]REKAP MUSRENKAB 17 MARET'!$K$6:$K$1488,B7,'[1]REKAP MUSRENKAB 17 MARET'!$O$6:$O$1488,$K$3) -> 0 | L7: =SUMIFS('[1]REKAP MUSRENKAB 17 MARET'!$Q$6:$Q$1488,'[1]REKAP MUSRENKAB 17 MARET'!$K$6:$K$1488,B7,'[1]REKAP MUSRENKAB 17 MARET'!$O$6:$O$1488,$L$3) -> 140000000 | M7: =SUM(C7:L7) -> 543000000 | N7: 21091507877 | O7: 9331186759 | P7: =N7-O7 -> 11760321118 | Q7: =P7-M7 -> 11217321118
A8: =A7+1 -> 5 | B8: Dinas Perindustrian, Koperasi, Usaha Kecil dan Menengah, dan Tenaga Kerja | C8: =SUMIFS('[1]REKAP MUSRENKAB 17 MARET'!$Q$6:$Q$1488,'[1]REKAP MUSRENKAB 17 MARET'!$K$6:$K$1488,B8,'[1]REKAP MUSRENKAB 17 MARET'!$O$6:$O$1488,$C$3) -> 181000000 | D8: =SUMIFS('[1]REKAP MUSRENKAB 17 MARET'!$Q$6:$Q$1488,'[1]REKAP MUSRENKAB 17 MARET'!$K$6:$K$1488,B8,'[1]REKAP MUSRENKAB 17 MARET'!$O$6:$O$1488,$D$3) -> 155000000 | E8: =SUMIFS('[1]REKAP MUSRENKAB 17 MARET'!$Q$6:$Q$1488,'[1]REKAP MUSRENKAB 17 MARET'!$K$6:$K$1488,B8,'[1]REKAP MUSRENKAB 17 MARET'!$O$6:$O$1488,$E$3) -> 416400000 | F8: =SUMIFS('[1]REKAP MUSRENKAB 17 MARET'!$Q$6:$Q$1488,'[1]REKAP MUSRENKAB 17 MARET'!$K$6:$K$1488,B8,'[1]REKAP MUSRENKAB 17 MARET'!$O$6:$O$1488,$F$3) -> 135000000 | G8: =SUMIFS('[1]REKAP MUSRENKAB 17 MARET'!$Q$6:$Q$1488,'[1]REKAP MUSRENKAB 17 MARET'!$K$6:$K$1488,B8,'[1]REKAP MUSRENKAB 17 MARET'!$O$6:$O$1488,$G$3) -> 646511000 | H8: =SUMIFS('[1]REKAP MUSRENKAB 17 MARET'!$Q$6:$Q$1488,'[1]REKAP MUSRENKAB 17 MARET'!$K$6:$K$1488,B8,'[1]REKAP MUSRENKAB 17 MARET'!$O$6:$O$1488,$H$3) -> 382450000 | I8: =SUMIFS('[1]REKAP MUSRENKAB 17 MARET'!$Q$6:$Q$1488,'[1]REKAP MUSRENKAB 17 MARET'!$K$6:$K$1488,B8,'[1]REKAP MUSRENKAB 17 MARET'!$O$6:$O$1488,$I$3) -> 151500000 | J8: =SUMIFS('[1]REKAP MUSRENKAB 17 MARET'!$Q$6:$Q$1488,'[1]REKAP MUSRENKAB 17 MARET'!$K$6:$K$1488,B8,'[1]REKAP MUSRENKAB 17 MARET'!$O$6:$O$1488,$J$3) -> 36000000 | K8: =SUMIFS('[1]REKAP MUSRENKAB 17 MARET'!$Q$6:$Q$1488,'[1]REKAP MUSRENKAB 17 MARET'!$K$6:$K$1488,B8,'[1]REKAP MUSRENKAB 17 MARET'!$O$6:$O$1488,$K$3) -> 304500000 | L8: =SUMIFS('[1]REKAP MUSRENKAB 17 MARET'!$Q$6:$Q$1488,'[1]REKAP MUSRENKAB 17 MARET'!$K$6:$K$1488,B8,'[1]REKAP MUSRENKAB 17 MARET'!$O$6:$O$1488,$L$3) -> 160000000 | M8: =SUM(C8:L8) -> 2568361000 | N8: 25392059315 | O8: 10542461515 | P8: =N8-O8 -> 14849597800 | Q8: =P8-M8 -> 12281236800
A9: =A8+1 -> 6 | B9: Dinas Pariwisata, Ekonomi Kreatif, Pemuda, dan Olahraga | C9: =SUMIFS('[1]REKAP MUSRENKAB 17 MARET'!$Q$6:$Q$1488,'[1]REKAP MUSRENKAB 17 MARET'!$K$6:$K$1488,B9,'[1]REKAP MUSRENKAB 17 MARET'!$O$6:$O$1488,$C$3) -> 0 | D9: =SUMIFS('[1]REKAP MUSRENKAB 17 MARET'!$Q$6:$Q$1488,'[1]REKAP MUSRENKAB 17 MARET'!$K$6:$K$1488,B9,'[1]REKAP MUSRENKAB 17 MARET'!$O$6:$O$1488,$D$3) -> 0 | E9: =SUMIFS('[1]REKAP MUSRENKAB 17 MARET'!$Q$6:$Q$1488,'[1]REKAP MUSRENKAB 17 MARET'!$K$6:$K$1488,B9,'[1]REKAP MUSRENKAB 17 MARET'!$O$6:$O$1488,$E$3) -> 428258332 | F9: =SUMIFS('[1]REKAP MUSRENKAB 17 MARET'!$Q$6:$Q$1488,'[1]REKAP MUSRENKAB 17 MARET'!$K$6:$K$1488,B9,'[1]REKAP MUSRENKAB 17 MARET'!$O$6:$O$1488,$F$3) -> 0 | G9: =SUMIFS('[1]REKAP MUSRENKAB 17 MARET'!$Q$6:$Q$1488,'[1]REKAP MUSRENKAB 17 MARET'!$K$6:$K$1488,B9,'[1]REKAP MUSRENKAB 17 MARET'!$O$6:$O$1488,$G$3) -> 295850000 | H9: =SUMIFS('[1]REKAP MUSRENKAB 17 MARET'!$Q$6:$Q$1488,'[1]REKAP MUSRENKAB 17 MARET'!$K$6:$K$1488,B9,'[1]REKAP MUSRENKAB 17 MARET'!$O$6:$O$1488,$H$3) -> 802500000 | I9: =SUMIFS('[1]REKAP MUSRENKAB 17 MARET'!$Q$6:$Q$1488,'[1]REKAP MUSRENKAB 17 MARET'!$K$6:$K$1488,B9,'[1]REKAP MUSRENKAB 17 MARET'!$O$6:$O$1488,$I$3) -> 48000000 | J9: =SUMIFS('[1]REKAP MUSRENKAB 17 MARET'!$Q$6:$Q$1488,'[1]REKAP MUSRENKAB 17 MARET'!$K$6:$K$1488,B9,'[1]REKAP MUSRENKAB 17 MARET'!$O$6:$O$1488,$J$3) -> 1173930000 | K9: =SUMIFS('[1]REKAP MUSRENKAB 17 MARET'!$Q$6:$Q$1488,'[1]REKAP MUSRENKAB 17 MARET'!$K$6:$K$1488,B9,'[1]REKAP MUSRENKAB 17 MARET'!$O$6:$O$1488,$K$3) -> 125000000 | L9: =SUMIFS('[1]REKAP MUSRENKAB 17 MARET'!$Q$6:$Q$1488,'[1]REKAP MUSRENKAB 17 MARET'!$K$6:$K$1488,B9,'[1]REKAP MUSRENKAB 17 MARET'!$O$6:$O$1488,$L$3) -> 1000000000 | M9: =SUM(C9:L9) -> 3873538332 | N9: 26242470069 | O9: 9478029605 | P9: =N9-O9 -> 16764440464 | Q9: =P9-M9 -> 12890902132
A10: =A9+1 -> 7 | B10: Dinas Perdagangan | C10: =SUMIFS('[1]REKAP MUSRENKAB 17 MARET'!$Q$6:$Q$1488,'[1]REKAP MUSRENKAB 17 MARET'!$K$6:$K$1488,B10,'[1]REKAP MUSRENKAB 17 MARET'!$O$6:$O$1488,$C$3) -> 373800000 | D10: =SUMIFS('[1]REKAP MUSRENKAB 17 MARET'!$Q$6:$Q$1488,'[1]REKAP MUSRENKAB 17 MARET'!$K$6:$K$1488,B10,'[1]REKAP MUSRENKAB 17 MARET'!$O$6:$O$1488,$D$3) -> 164000000 | E10: =SUMIFS('[1]REKAP MUSRENKAB 17 MARET'!$Q$6:$Q$1488,'[1]REKAP MUSRENKAB 17 MARET'!$K$6:$K$1488,B10,'[1]REKAP MUSRENKAB 17 MARET'!$O$6:$O$1488,$E$3) -> 65760000 | F10: =SUMIFS('[1]REKAP MUSRENKAB 17 MARET'!$Q$6:$Q$1488,'[1]REKAP MUSRENKAB 17 MARET'!$K$6:$K$1488,B10,'[1]REKAP MUSRENKAB 17 MARET'!$O$6:$O$1488,$F$3) -> 207035000 | G10: =SUMIFS('[1]REKAP MUSRENKAB 17 MARET'!$Q$6:$Q$1488,'[1]REKAP MUSRENKAB 17 MARET'!$K$6:$K$1488,B10,'[1]REKAP MUSRENKAB 17 MARET'!$O$6:$O$1488,$G$3) -> 63450000 | H10: =SUMIFS('[1]REKAP MUSRENKAB 17 MARET'!$Q$6:$Q$1488,'[1]REKAP MUSRENKAB 17 MARET'!$K$6:$K$1488,B10,'[1]REKAP MUSRENKAB 17 MARET'!$O$6:$O$1488,$H$3) -> 586420000 | I10: =SUMIFS('[1]REKAP MUSRENKAB 17 MARET'!$Q$6:$Q$1488,'[1]REKAP MUSRENKAB 17 MARET'!$K$6:$K$1488,B10,'[1]REKAP MUSRENKAB 17 MARET'!$O$6:$O$1488,$I$3) -> 140760000 | J10: =SUMIFS('[1]REKAP MUSRENKAB 17 MARET'!$Q$6:$Q$1488,'[1]REKAP MUSRENKAB 17 MARET'!$K$6:$K$1488,B10,'[1]REKAP MUSRENKAB 17 MARET'!$O$6:$O$1488,$J$3) -> 444380000 | K10: =SUMIFS('[1]REKAP MUSRENKAB 17 MARET'!$Q$6:$Q$1488,'[1]REKAP MUSRENKAB 17 MARET'!$K$6:$K$1488,B10,'[1]REKAP MUSRENKAB 17 MARET'!$O$6:$O$1488,$K$3) -> 613945000 | L10: =SUMIFS('[1]REKAP MUSRENKAB 17 MARET'!$Q$6:$Q$1488,'[1]REKAP MUSRENKAB 17 MARET'!$K$6:$K$1488,B10,'[1]REKAP MUSRENKAB 17 MARET'!$O$6:$O$1488,$L$3) -> 0 | M10: =SUM(C10:L10) -> 2659550000 | N10: 11446775735 | O10: 6637775735 | P10: =N10-O10 -> 4809000000 | Q10: =P10-M10 -> 2149450000
A11: =A10+1 -> 8 | B11: Dinas Pertanian | C11: =SUMIFS('[1]REKAP MUSRENKAB 17 MARET'!$Q$6:$Q$1488,'[1]REKAP MUSRENKAB 17 MARET'!$K$6:$K$1488,B11,'[1]REKAP MUSRENKAB 17 MARET'!$O$6:$O$1488,$C$3) -> 517503740 | D11: =SUMIFS('[1]REKAP MUSRENKAB 17 MARET'!$Q$6:$Q$1488,'[1]REKAP MUSRENKAB 17 MARET'!$K$6:$K$1488,B11,'[1]REKAP MUSRENKAB 17 MARET'!$O$6:$O$1488,$D$3) -> 1851823000 | E11: =SUMIFS('[1]REKAP MUSRENKAB 17 MARET'!$Q$6:$Q$1488,'[1]REKAP MUSRENKAB 17 MARET'!$K$6:$K$1488,B11,'[1]REKAP MUSRENKAB 17 MARET'!$O$6:$O$1488,$E$3) -> 1805127000 | F11: =SUMIFS('[1]REKAP MUSRENKAB 17 MARET'!$Q$6:$Q$1488,'[1]REKAP MUSRENKAB 17 MARET'!$K$6:$K$1488,B11,'[1]REKAP MUSRENKAB 17 MARET'!$O$6:$O$1488,$F$3) -> 872301000 | G11: =SUMIFS('[1]REKAP MUSRENKAB 17 MARET'!$Q$6:$Q$1488,'[1]REKAP MUSRENKAB 17 MARET'!$K$6:$K$1488,B11,'[1]REKAP MUSRENKAB 17 MARET'!$O$6:$O$1488,$G$3) -> 405000000 | H11: =SUMIFS('[1]REKAP MUSRENKAB 17 MARET'!$Q$6:$Q$1488,'[1]REKAP MUSRENKAB 17 MARET'!$K$6:$K$1488,B11,'[1]REKAP MUSRENKAB 17 MARET'!$O$6:$O$1488,$H$3) -> 2401000000 | I11: =SUMIFS('[1]REKAP MUSRENKAB 17 MARET'!$Q$6:$Q$1488,'[1]REKAP MUSRENKAB 17 MARET'!$K$6:$K$1488,B11,'[1]REKAP MUSRENKAB 17 MARET'!$O$6:$O$1488,$I$3) -> 1347945000 | J11: =SUMIFS('[1]REKAP MUSRENKAB 17 MARET'!$Q$6:$Q$1488,'[1]REKAP MUSRENKAB 17 MARET'!$K$6:$K$1488,B11,'[1]REKAP MUSRENKAB 17 MARET'!$O$6:$O$1488,$J$3) -> 2051075000 | K11: =SUMIFS('[1]REKAP MUSRENKAB 17 MARET'!$Q$6:$Q$1488,'[1]REKAP MUSRENKAB 17 MARET'!$K$6:$K$1488,B11,'[1]REKAP MUSRENKAB 17 MARET'!$O$6:$O$1488,$K$3) -> 2925952589 | L11: =SUMIFS('[1]REKAP MUSRENKAB 17 MARET'!$Q$6:$Q$1488,'[1]REKAP MUSRENKAB 17 MARET'!$K$6:$K$1488,B11,'[1]REKAP MUSRENKAB 17 MARET'!$O$6:$O$1488,$L$3) -> 200000000 | M11: =SUM(C11:L11) -> 14377727329 | N11: 45588869460 | O11: 27365459360 | P11: =N11-O11 -> 18223410100 | Q11: =P11-M11 -> 3845682771
A12: =A11+1 -> 9 | B12: Dinas Pemberdayaan Masyarakat dan Desa | C12: =SUMIFS('[1]REKAP MUSRENKAB 17 MARET'!$Q$6:$Q$1488,'[1]REKAP MUSRENKAB 17 MARET'!$K$6:$K$1488,B12,'[1]REKAP MUSRENKAB 17 MARET'!$O$6:$O$1488,$C$3) -> 0 | D12: =SUMIFS('[1]REKAP MUSRENKAB 17 MARET'!$Q$6:$Q$1488,'[1]REKAP MUSRENKAB 17 MARET'!$K$6:$K$1488,B12,'[1]REKAP MUSRENKAB 17 MARET'!$O$6:$O$1488,$D$3) -> 6475000 | E12: =SUMIFS('[1]REKAP MUSRENKAB 17 MARET'!$Q$6:$Q$1488,'[1]REKAP MUSRENKAB 17 MARET'!$K$6:$K$1488,B12,'[1]REKAP MUSRENKAB 17 MARET'!$O$6:$O$1488,$E$3) -> 5550000 | F12: =SUMIFS('[1]REKAP MUSRENKAB 17 MARET'!$Q$6:$Q$1488,'[1]REKAP MUSRENKAB 17 MARET'!$K$6:$K$1488,B12,'[1]REKAP MUSRENKAB 17 MARET'!$O$6:$O$1488,$F$3) -> 0 | G12: =SUMIFS('[1]REKAP MUSRENKAB 17 MARET'!$Q$6:$Q$1488,'[1]REKAP MUSRENKAB 17 MARET'!$K$6:$K$1488,B12,'[1]REKAP MUSRENKAB 17 MARET'!$O$6:$O$1488,$G$3) -> 0 | H12: =SUMIFS('[1]REKAP MUSRENKAB 17 MARET'!$Q$6:$Q$1488,'[1]REKAP MUSRENKAB 17 MARET'!$K$6:$K$1488,B12,'[1]REKAP MUSRENKAB 17 MARET'!$O$6:$O$1488,$H$3) -> 0 | I12: =SUMIFS('[1]REKAP MUSRENKAB 17 MARET'!$Q$6:$Q$1488,'[1]REKAP MUSRENKAB 17 MARET'!$K$6:$K$1488,B12,'[1]REKAP MUSRENKAB 17 MARET'!$O$6:$O$1488,$I$3) -> 0 | J12: =SUMIFS('[1]REKAP MUSRENKAB 17 MARET'!$Q$6:$Q$1488,'[1]REKAP MUSRENKAB 17 MARET'!$K$6:$K$1488,B12,'[1]REKAP MUSRENKAB 17 MARET'!$O$6:$O$1488,$J$3) -> 0 | K12: =SUMIFS('[1]REKAP MUSRENKAB 17 MARET'!$Q$6:$Q$1488,'[1]REKAP MUSRENKAB 17 MARET'!$K$6:$K$1488,B12,'[1]REKAP MUSRENKAB 17 MARET'!$O$6:$O$1488,$K$3) -> 0 | L12: =SUMIFS('[1]REKAP MUSRENKAB 17 MARET'!$Q$6:$Q$1488,'[1]REKAP MUSRENKAB 17 MARET'!$K$6:$K$1488,B12,'[1]REKAP MUSRENKAB 17 MARET'!$O$6:$O$1488,$L$3) -> 0 | M12: =SUM(C12:L12) -> 12025000 | N12: 45588869460 | O12: 4811596500 | P12: =N12-O12 -> 40777272960 | Q12: =P12-M12 -> 40765247960
A13: =A12+1 -> 10 | B13: Dinas Pendidikan dan Kebudayaan | C13: =SUMIFS('[1]REKAP MUSRENKAB 17 MARET'!$Q$6:$Q$1488,'[1]REKAP MUSRENKAB 17 MARET'!$K$6:$K$1488,B13,'[1]REKAP MUSRENKAB 17 MARET'!$O$6:$O$1488,$C$3) -> 69117500 | D13: =SUMIFS('[1]REKAP MUSRENKAB 17 MARET'!$Q$6:$Q$1488,'[1]REKAP MUSRENKAB 17 MARET'!$K$6:$K$1488,B13,'[1]REKAP MUSRENKAB 17 MARET'!$O$6:$O$1488,$D$3) -> 159125000 | E13: =SUMIFS('[1]REKAP MUSRENKAB 17 MARET'!$Q$6:$Q$1488,'[1]REKAP MUSRENKAB 17 MARET'!$K$6:$K$1488,B13,'[1]REKAP MUSRENKAB 17 MARET'!$O$6:$O$1488,$E$3) -> 1083853800 | F13: =SUMIFS('[1]REKAP MUSRENKAB 17 MARET'!$Q$6:$Q$1488,'[1]REKAP MUSRENKAB 17 MARET'!$K$6:$K$1488,B13,'[1]REKAP MUSRENKAB 17 MARET'!$O$6:$O$1488,$F$3) -> 15000000 | G13: =SUMIFS('[1]REKAP MUSRENKAB 17 MARET'!$Q$6:$Q$1488,'[1]REKAP MUSRENKAB 17 MARET'!$K$6:$K$1488,B13,'[1]REKAP MUSRENKAB 17 MARET'!$O$6:$O$1488,$G$3) -> 310790000 | H13: =SUMIFS('[1]REKAP MUSRENKAB 17 MARET'!$Q$6:$Q$1488,'[1]REKAP MUSRENKAB 17 MARET'!$K$6:$K$1488,B13,'[1]REKAP MUSRENKAB 17 MARET'!$O$6:$O$1488,$H$3) -> 477708000 | I13: =SUMIFS('[1]REKAP MUSRENKAB 17 MARET'!$Q$6:$Q$1488,'[1]REKAP MUSRENKAB 17 MARET'!$K$6:$K$1488,B13,'[1]REKAP MUSRENKAB 17 MARET'!$O$6:$O$1488,$I$3) -> 755018000 | J13: =SUMIFS('[1]REKAP MUSRENKAB 17 MARET'!$Q$6:$Q$1488,'[1]REKAP MUSRENKAB 17 MARET'!$K$6:$K$1488,B13,'[1]REKAP MUSRENKAB 17 MARET'!$O$6:$O$1488,$J$3) -> 690250000 | K13: =SUMIFS('[1]REKAP MUSRENKAB 17 MARET'!$Q$6:$Q$1488,'[1]REKAP MUSRENKAB 17 MARET'!$K$6:$K$1488,B13,'[1]REKAP MUSRENKAB 17 MARET'!$O$6:$O$1488,$K$3) -> 542708000 | L13: =SUMIFS('[1]REKAP MUSRENKAB 17 MARET'!$Q$6:$Q$1488,'[1]REKAP MUSRENKAB 17 MARET'!$K$6:$K$1488,B13,'[1]REKAP MUSRENKAB 17 MARET'!$O$6:$O$1488,$L$3) -> 300000000 | M13: =SUM(C13:L13) -> 4403570300 | N13: 734935497354 | O13: 541576647354 | P13: =N13-O13 -> 193358850000 | Q13: =P13-M13 -> 188955279700
A14: =A13+1 -> 11 | B14: Satuan Polisi Pamong Praja | C14: =SUMIFS('[1]REKAP MUSRENKAB 17 MARET'!$Q$6:$Q$1488,'[1]REKAP MUSRENKAB 17 MARET'!$K$6:$K$1488,B14,'[1]REKAP MUSRENKAB 17 MARET'!$O$6:$O$1488,$C$3) -> 43665000 | D14: =SUMIFS('[1]REKAP MUSRENKAB 17 MARET'!$Q$6:$Q$1488,'[1]REKAP MUSRENKAB 17 MARET'!$K$6:$K$1488,B14,'[1]REKAP MUSRENKAB 17 MARET'!$O$6:$O$1488,$D$3) -> 0 | E14: =SUMIFS('[1]REKAP MUSRENKAB 17 MARET'!$Q$6:$Q$1488,'[1]REKAP MUSRENKAB 17 MARET'!$K$6:$K$1488,B14,'[1]REKAP MUSRENKAB 17 MARET'!$O$6:$O$1488,$E$3) -> 45476000 | F14: =SUMIFS('[1]REKAP MUSRENKAB 17 MARET'!$Q$6:$Q$1488,'[1]REKAP MUSRENKAB 17 MARET'!$K$6:$K$1488,B14,'[1]REKAP MUSRENKAB 17 MARET'!$O$6:$O$1488,$F$3) -> 86297500 | G14: =SUMIFS('[1]REKAP MUSRENKAB 17 MARET'!$Q$6:$Q$1488,'[1]REKAP MUSRENKAB 17 MARET'!$K$6:$K$1488,B14,'[1]REKAP MUSRENKAB 17 MARET'!$O$6:$O$1488,$G$3) -> 172821000 | H14: =SUMIFS('[1]REKAP MUSRENKAB 17 MARET'!$Q$6:$Q$1488,'[1]REKAP MUSRENKAB 17 MARET'!$K$6:$K$1488,B14,'[1]REKAP MUSRENKAB 17 MARET'!$O$6:$O$1488,$H$3) -> 12500000 | I14: =SUMIFS('[1]REKAP MUSRENKAB 17 MARET'!$Q$6:$Q$1488,'[1]REKAP MUSRENKAB 17 MARET'!$K$6:$K$1488,B14,'[1]REKAP MUSRENKAB 17 MARET'!$O$6:$O$1488,$I$3) -> 131791775 | J14: =SUMIFS('[1]REKAP MUSRENKAB 17 MARET'!$Q$6:$Q$1488,'[1]REKAP MUSRENKAB 17 MARET'!$K$6:$K$1488,B14,'[1]REKAP MUSRENKAB 17 MARET'!$O$6:$O$1488,$J$3) -> 18460500 | K14: =SUMIFS('[1]REKAP MUSRENKAB 17 MARET'!$Q$6:$Q$1488,'[1]REKAP MUSRENKAB 17 MARET'!$K$6:$K$1488,B14,'[1]REKAP MUSRENKAB 17 MARET'!$O$6:$O$1488,$K$3) -> 9000000 | L14: =SUMIFS('[1]REKAP MUSRENKAB 17 MARET'!$Q$6:$Q$1488,'[1]REKAP MUSRENKAB 17 MARET'!$K$6:$K$1488,B14,'[1]REKAP MUSRENKAB 17 MARET'!$O$6:$O$1488,$L$3) -> 0 | M14: =SUM(C14:L14) -> 520011775 | N14: 14470754100 | O14: 11984754100 | P14: =N14-O14 -> 2486000000 | Q14: =P14-M14 -> 1965988225
A15: =A14+1 -> 12 | B15: Dinas Sosial, Pemberdayaan Perempuan, dan Perlindungan Anak | C15: =SUMIFS('[1]REKAP MUSRENKAB 17 MARET'!$Q$6:$Q$1488,'[1]REKAP MUSRENKAB 17 MARET'!$K$6:$K$1488,B15,'[1]REKAP MUSRENKAB 17 MARET'!$O$6:$O$1488,$C$3) -> 17460000 | D15: =SUMIFS('[1]REKAP MUSRENKAB 17 MARET'!$Q$6:$Q$1488,'[1]REKAP MUSRENKAB 17 MARET'!$K$6:$K$1488,B15,'[1]REKAP MUSRENKAB 17 MARET'!$O$6:$O$1488,$D$3) -> 119350000 | E15: =SUMIFS('[1]REKAP MUSRENKAB 17 MARET'!$Q$6:$Q$1488,'[1]REKAP MUSRENKAB 17 MARET'!$K$6:$K$1488,B15,'[1]REKAP MUSRENKAB 17 MARET'!$O$6:$O$1488,$E$3) -> 0 | F15: =SUMIFS('[1]REKAP MUSRENKAB 17 MARET'!$Q$6:$Q$1488,'[1]REKAP MUSRENKAB 17 MARET'!$K$6:$K$1488,B15,'[1]REKAP MUSRENKAB 17 MARET'!$O$6:$O$1488,$F$3) -> 0 | G15: =SUMIFS('[1]REKAP MUSRENKAB 17 MARET'!$Q$6:$Q$1488,'[1]REKAP MUSRENKAB 17 MARET'!$K$6:$K$1488,B15,'[1]REKAP MUSRENKAB 17 MARET'!$O$6:$O$1488,$G$3) -> 0 | H15: =SUMIFS('[1]REKAP MUSRENKAB 17 MARET'!$Q$6:$Q$1488,'[1]REKAP MUSRENKAB 17 MARET'!$K$6:$K$1488,B15,'[1]REKAP MUSRENKAB 17 MARET'!$O$6:$O$1488,$H$3) -> 63621000 | I15: =SUMIFS('[1]REKAP MUSRENKAB 17 MARET'!$Q$6:$Q$1488,'[1]REKAP MUSRENKAB 17 MARET'!$K$6:$K$1488,B15,'[1]REKAP MUSRENKAB 17 MARET'!$O$6:$O$1488,$I$3) -> 0 | J15: =SUMIFS('[1]REKAP MUSRENKAB 17 MARET'!$Q$6:$Q$1488,'[1]REKAP MUSRENKAB 17 MARET'!$K$6:$K$1488,B15,'[1]REKAP MUSRENKAB 17 MARET'!$O$6:$O$1488,$J$3) -> 0 | K15: =SUMIFS('[1]REKAP MUSRENKAB 17 MARET'!$Q$6:$Q$1488,'[1]REKAP MUSRENKAB 17 MARET'!$K$6:$K$1488,B15,'[1]REKAP MUSRENKAB 17 MARET'!$O$6:$O$1488,$K$3) -> 0 | L15: =SUMIFS('[1]REKAP MUSRENKAB 17 MARET'!$Q$6:$Q$1488,'[1]REKAP MUSRENKAB 17 MARET'!$K$6:$K$1488,B15,'[1]REKAP MUSRENKAB 17 MARET'!$O$6:$O$1488,$L$3) -> 0 | M15: =SUM(C15:L15) -> 200431000 | N15: 27934068326 | O15: 6849369130 | P15: =N15-O15 -> 21084699196 | Q15: =P15-M15 -> 20884268196
A16: =A15+1 -> 13 | B16: Sekretariat Daerah | C16: =SUMIFS('[1]REKAP MUSRENKAB 17 MARET'!$Q$6:$Q$1488,'[1]REKAP MUSRENKAB 17 MARET'!$K$6:$K$1488,B16,'[1]REKAP MUSRENKAB 17 MARET'!$O$6:$O$1488,$C$3) -> 0 | D16: =SUMIFS('[1]REKAP MUSRENKAB 17 MARET'!$Q$6:$Q$1488,'[1]REKAP MUSRENKAB 17 MARET'!$K$6:$K$1488,B16,'[1]REKAP MUSRENKAB 17 MARET'!$O$6:$O$1488,$D$3) -> 25000000 | E16: =SUMIFS('[1]REKAP MUSRENKAB 17 MARET'!$Q$6:$Q$1488,'[1]REKAP MUSRENKAB 17 MARET'!$K$6:$K$1488,B16,'[1]REKAP MUSRENKAB 17 MARET'!$O$6:$O$1488,$E$3) -> 435000000 | F16: =SUMIFS('[1]REKAP MUSRENKAB 17 MARET'!$Q$6:$Q$1488,'[1]REKAP MUSRENKAB 17 MARET'!$K$6:$K$1488,B16,'[1]REKAP MUSRENKAB 17 MARET'!$O$6:$O$1488,$F$3) -> 150000000 | G16: =SUMIFS('[1]REKAP MUSRENKAB 17 MARET'!$Q$6:$Q$1488,'[1]REKAP MUSRENKAB 17 MARET'!$K$6:$K$1488,B16,'[1]REKAP MUSRENKAB 17 MARET'!$O$6:$O$1488,$G$3) -> 75600000 | H16: =SUMIFS('[1]REKAP MUSRENKAB 17 MARET'!$Q$6:$Q$1488,'[1]REKAP MUSRENKAB 17 MARET'!$K$6:$K$1488,B16,'[1]REKAP MUSRENKAB 17 MARET'!$O$6:$O$1488,$H$3) -> 375000000 | I16: =SUMIFS('[1]REKAP MUSRENKAB 17 MARET'!$Q$6:$Q$1488,'[1]REKAP MUSRENKAB 17 MARET'!$K$6:$K$1488,B16,'[1]REKAP MUSRENKAB 17 MARET'!$O$6:$O$1488,$I$3) -> 55000000 | J16: =SUMIFS('[1]REKAP MUSRENKAB 17 MARET'!$Q$6:$Q$1488,'[1]REKAP MUSRENKAB 17 MARET'!$K$6:$K$1488,B16,'[1]REKAP MUSRENKAB 17 MARET'!$O$6:$O$1488,$J$3) -> 0 | K16: =SUMIFS('[1]REKAP MUSRENKAB 17 MARET'!$Q$6:$Q$1488,'[1]REKAP MUSRENKAB 17 MARET'!$K$6:$K$1488,B16,'[1]REKAP MUSRENKAB 17 MARET'!$O$6:$O$1488,$K$3) -> 38000000 | L16: =SUMIFS('[1]REKAP MUSRENKAB 17 MARET'!$Q$6:$Q$1488,'[1]REKAP MUSRENKAB 17 MARET'!$K$6:$K$1488,B16,'[1]REKAP MUSRENKAB 17 MARET'!$O$6:$O$1488,$L$3) -> 0 | M16: =SUM(C16:L16) -> 1153600000 | N16: 37722344000 | O16: 28439731000 | P16: =N16-O16 -> 9282613000 | Q16: =P16-M16 -> 8129013000
A17: =A16+1 -> 14 | B17: Badan Penanggulangan Bencana Daerah | C17: =SUMIFS('[1]REKAP MUSRENKAB 17 MARET'!$Q$6:$Q$1488,'[1]REKAP MUSRENKAB 17 MARET'!$K$6:$K$1488,B17,'[1]REKAP MUSRENKAB 17 MARET'!$O$6:$O$1488,$C$3) -> 0 | D17: =SUMIFS('[1]REKAP MUSRENKAB 17 MARET'!$Q$6:$Q$1488,'[1]REKAP MUSRENKAB 17 MARET'!$K$6:$K$1488,B17,'[1]REKAP MUSRENKAB 17 MARET'!$O$6:$O$1488,$D$3) -> 0 | E17: =SUMIFS('[1]REKAP MUSRENKAB 17 MARET'!$Q$6:$Q$1488,'[1]REKAP MUSRENKAB 17 MARET'!$K$6:$K$1488,B17,'[1]REKAP MUSRENKAB 17 MARET'!$O$6:$O$1488,$E$3) -> 0 | F17: =SUMIFS('[1]REKAP MUSRENKAB 17 MARET'!$Q$6:$Q$1488,'[1]REKAP MUSRENKAB 17 MARET'!$K$6:$K$1488,B17,'[1]REKAP MUSRENKAB 17 MARET'!$O$6:$O$1488,$F$3) -> 0 | G17: =SUMIFS('[1]REKAP MUSRENKAB 17 MARET'!$Q$6:$Q$1488,'[1]REKAP MUSRENKAB 17 MARET'!$K$6:$K$1488,B17,'[1]REKAP MUSRENKAB 17 MARET'!$O$6:$O$1488,$G$3) -> 125000000 | H17: =SUMIFS('[1]REKAP MUSRENKAB 17 MARET'!$Q$6:$Q$1488,'[1]REKAP MUSRENKAB 17 MARET'!$K$6:$K$1488,B17,'[1]REKAP MUSRENKAB 17 MARET'!$O$6:$O$1488,$H$3) -> 60000000 | I17: =SUMIFS('[1]REKAP MUSRENKAB 17 MARET'!$Q$6:$Q$1488,'[1]REKAP MUSRENKAB 17 MARET'!$K$6:$K$1488,B17,'[1]REKAP MUSRENKAB 17 MARET'!$O$6:$O$1488,$I$3) -> 101333000 | J17: =SUMIFS('[1]REKAP MUSRENKAB 17 MARET'!$Q$6:$Q$1488,'[1]REKAP MUSRENKAB 17 MARET'!$K$6:$K$1488,B17,'[1]REKAP MUSRENKAB 17 MARET'!$O$6:$O$1488,$J$3) -> 0 | K17: =SUMIFS('[1]REKAP MUSRENKAB 17 MARET'!$Q$6:$Q$1488,'[1]REKAP MUSRENKAB 17 MARET'!$K$6:$K$1488,B17,'[1]REKAP MUSRENKAB 17 MARET'!$O$6:$O$1488,$K$3) -> 665000000 | L17: =SUMIFS('[1]REKAP MUSRENKAB 17 MARET'!$Q$6:$Q$1488,'[1]REKAP MUSRENKAB 17 MARET'!$K$6:$K$1488,B17,'[1]REKAP MUSRENKAB 17 MARET'!$O$6:$O$1488,$L$3) -> 840000000 | M17: =SUM(C17:L17) -> 1791333000 | N17: 6639465427 | O17: 3882965427 | P17: =N17-O17 -> 2756500000 | Q17: =P17-M17 -> 965167000
... A20: =A19+1 -> 17 | B20: Dinas Pekerjaan Umum, Penataan Ruang, Perumahan dan Kawasan Permukiman | C20: =SUMIFS('[1]REKAP MUSRENKAB 17 MARET'!$Q$6:$Q$1488,'[1]REKAP MUSRENKAB 17 MARET'!$K$6:$K$1488,B20,'[1]REKAP MUSRENKAB 17 MARET'!$O$6:$O$1488,$C$3) -> 8484744000 | D20: =SUMIFS('[1]REKAP MUSRENKAB 17 MARET'!$Q$6:$Q$1488,'[1]REKAP MUSRENKAB 17 MARET'!$K$6:$K$1488,B20,'[1]REKAP MUSRENKAB 17 MARET'!$O$6:$O$1488,$D$3) -> 10424598760 | E20: =SUMIFS('[1]REKAP MUSRENKAB 17 MARET'!$Q$6:$Q$1488,'[1]REKAP MUSRENKAB 17 MARET'!$K$6:$K$1488,B20,'[1]REKAP MUSRENKAB 17 MARET'!$O$6:$O$1488,$E$3) -> 1.1369749e+10 | F20: =SUMIFS('[1]REKAP MUSRENKAB 17 MARET'!$Q$6:$Q$1488,'[1]REKAP MUSRENKAB 17 MARET'!$K$6:$K$1488,B20,'[1]REKAP MUSRENKAB 17 MARET'!$O$6:$O$1488,$F$3) -> 7832204016 | G20: =SUMIFS('[1]REKAP MUSRENKAB 17 MARET'!$Q$6:$Q$1488,'[1]REKAP MUSRENKAB 17 MARET'!$K$6:$K$1488,B20,'[1]REKAP MUSRENKAB 17 MARET'!$O$6:$O$1488,$G$3) -> 4154978000 | H20: =SUMIFS('[1]REKAP MUSRENKAB 17 MARET'!$Q$6:$Q$1488,'[1]REKAP MUSRENKAB 17 MARET'!$K$6:$K$1488,B20,'[1]REKAP MUSRENKAB 17 MARET'!$O$6:$O$1488,$H$3) -> 6299569760 | I20: =SUMIFS('[1]REKAP MUSRENKAB 17 MARET'!$Q$6:$Q$1488,'[1]REKAP MUSRENKAB 17 MARET'!$K$6:$K$1488,B20,'[1]REKAP MUSRENKAB 17 MARET'!$O$6:$O$1488,$I$3) -> 7.3171272e+09 | J20: =SUMIFS('[1]REKAP MUSRENKAB 17 MARET'!$Q$6:$Q$1488,'[1]REKAP MUSRENKAB 17 MARET'!$K$6:$K$1488,B20,'[1]REKAP MUSRENKAB 17 MARET'!$O$6:$O$1488,$J$3) -> 10892535195 | K20: =SUMIFS('[1]REKAP MUSRENKAB 17 MARET'!$Q$6:$Q$1488,'[1]REKAP MUSRENKAB 17 MARET'!$K$6:$K$1488,B20,'[1]REKAP MUSRENKAB 17 MARET'!$O$6:$O$1488,$K$3) -> 1.5614671e+10 | L20: =SUMIFS('[1]REKAP MUSRENKAB 17 MARET'!$Q$6:$Q$1488,'[1]REKAP MUSRENKAB 17 MARET'!$K$6:$K$1488,B20,'[1]REKAP MUSRENKAB 17 MARET'!$O$6:$O$1488,$L$3) -> 13519076000 | M20: =SUM(C20:L20) -> 9.5909253e+10 | N20: 178105229000 | O20: 24205526000 | P20: =N20-O20 -> 153899703000 | Q20: =P20-M20 -> 5.799045e+10
B21: JUMLAH | C21: =SUM(C4:C20) -> 10044640240 | D21: =SUM(D4:D20) -> 14622866760 | E21: =SUM(E4:E20) -> 1.6864425e+10 | F21: =SUM(F4:F20) -> 10188837516 | G21: =SUM(G4:G20) -> 6300000000 | H21: =SUM(H4:H20) -> 13556358760 | I21: =SUM(I4:I20) -> 1.0875273e+10 | J21: =SUM(J4:J20) -> 16269130695 | ... L21: =SUM(L4:L20) -> 16782776000 | M21: =SUM(C21:L21) -> 1.3680641e+11
M23: 1.3682584e+11
M24: =M23-M21 -> 19425000

Sheet PAGU PER PRIORITAS
A1: PEMETAAN HASIL FORUM PERANGKAT DAERAH TERHADAP PRIORITAS DAERAH TAHUN 2027
A3: NO | B3: URAIAN PRIORITAS | C3: PAGU (Rp) | D3: PERSENTASE
A4: PKAB 1 | B4: Sejahtera dari Desa | C4: =SUMIF('[1]REKAP MUSRENKAB 17 MARET'!$B$6:$B$1488,B4,'[1]REKAP MUSRENKAB 17 MARET'!$Q$6:$Q$1488) -> 12025000 | D4: =C4/$C$13*100 -> 0.0087885447
A5: PKAB 2 | B5: Pembangunan SDM Unggul dan Berdaya Saing | C5: =SUMIF('[1]REKAP MUSRENKAB 17 MARET'!$B$6:$B$1488,B5,'[1]REKAP MUSRENKAB 17 MARET'!$Q$6:$Q$1488) -> 5370470300 | D5: =C5/$C$13*100 -> 3.925041
A6: PKAB 3 | B6: Pengentasan Pengangguran | C6: =SUMIF('[1]REKAP MUSRENKAB 17 MARET'!$B$6:$B$1488,B6,'[1]REKAP MUSRENKAB 17 MARET'!$Q$6:$Q$1488) -> 280000000 | D6: =C6/$C$13*100 -> 0.20463971
A7: PKAB 4 | B7: Transformasi dan Kemandirian Ekonomi | C7: =SUMIF('[1]REKAP MUSRENKAB 17 MARET'!$B$6:$B$1488,B7,'[1]REKAP MUSRENKAB 17 MARET'!$Q$6:$Q$1488) -> 8891119332 | D7: =C7/$C$13*100 -> 6.4981289
A8: PKAB 5 | B8: Ketahanan Sosial | C8: =SUMIF('[1]REKAP MUSRENKAB 17 MARET'!$B$6:$B$1488,B8,'[1]REKAP MUSRENKAB 17 MARET'!$Q$6:$Q$1488) -> 210431000 | D8: =C8/$C$13*100 -> 0.15379478
A9: PKAB 6 | B9: Agrominapolitan | C9: =SUMIF('[1]REKAP MUSRENKAB 17 MARET'!$B$6:$B$1488,B9,'[1]REKAP MUSRENKAB 17 MARET'!$Q$6:$Q$1488) -> 14880727329 | D9: =C9/$C$13*100 -> 10.87567
A10: PKAB 7 | B10: Infrastruktur Berkelanjutan | C10: =SUMIF('[1]REKAP MUSRENKAB 17 MARET'!$B$6:$B$1488,B10,'[1]REKAP MUSRENKAB 17 MARET'!$Q$6:$Q$1488) -> 1.0509803e+11 | D10: =C10/$C$13*100 -> 76.811536
A11: PKAB 8 | B11: Transformasi Tata Kelola | C11: =SUMIF('[1]REKAP MUSRENKAB 17 MARET'!$B$6:$B$1488,B11,'[1]REKAP MUSRENKAB 17 MARET'!$Q$6:$Q$1488) -> 1683036775 | D11: =C11/$C$13*100 -> 1.2300577
A12: PKAB 9 | B12: Harmoni Sosial | C12: =SUMIF('[1]REKAP MUSRENKAB 17 MARET'!$B$6:$B$1488,B12,'[1]REKAP MUSRENKAB 17 MARET'!$Q$6:$Q$1488) -> 400000000 | D12: =C12/$C$13*100 -> 0.29234244
B13: JUMLAH | C13: =SUM(C4:C12) -> 1.3682584e+11 | D13: =C13/$C$13*100 -> 100
B15: CEK | C15: 1.3682584e+11
C16: =C15-C13 -> 0

Sheet PAGU PER PROGRAM
A1: PERBANDINGAN JUMLAH USULAN DESA PER PROGRAM DENGAN PAGU PROGRAM RANWAL RENJA OPD TAHUN 2027
A3: NO | B3: PERANGKAT DAERAH | C3: PROGRAM | D3: PAGU USULAN DESA (Rp) | E3: PAGU TERSEDIA DI OPD (Rp) | F3: SELISIH | G3: KETERANGAN
A4: 1 | B4: Badan Kesatuan Bangsa dan Politik | C4: PROGRAM PEMBINAAN DAN PENGEMBANGAN KETAHANAN EKONOMI, SOSIAL, DAN BUDAYA | D4: =SUMIFS('[1]REKAP MUSRENKAB 17 MARET'!$Q$6:$Q$1488,'[1]REKAP MUSRENKAB 17 MARET'!$K$6:$K$1488,B4,'[1]REKAP MUSRENKAB 17 MARET'!$D$6:$D$1488,C4) -> 19425000 | E4: 237000000 | F4: =E4-D4 -> 217575000 | G4: Sosial dan Kelembagaan (Kapasitas Pemdes, Karang taruna, Perlindungan Sosial Komunitas)
A5: =A4+1 -> 2 | B5: Badan Penanggulangan Bencana Daerah | C5: PROGRAM PENANGGULANGAN BENCANA | D5: =SUMIFS('[1]REKAP MUSRENKAB 17 MARET'!$Q$6:$Q$1488,'[1]REKAP MUSRENKAB 17 MARET'!$K$6:$K$1488,B5,'[1]REKAP MUSRENKAB 17 MARET'!$D$6:$D$1488,C5) -> 1791333000 | E5: 2756500000 | F5: =E5-D5 -> 965167000 | G5: Sosial dan Kelembagaan (Kapasitas Pemdes, Karang taruna, Perlindungan Sosial Komunitas)
A6: =A5+1 -> 3 | B6: Dinas Kelautan, Perikanan, dan Ketahanan Pangan | C6: PROGRAM Pengelolaan Perikanan Tangkap | D6: =SUMIFS('[1]REKAP MUSRENKAB 17 MARET'!$Q$6:$Q$1488,'[1]REKAP MUSRENKAB 17 MARET'!$K$6:$K$1488,B6,'[1]REKAP MUSRENKAB 17 MARET'!$D$6:$D$1488,C6) -> 180000000 | E6: 2720000000 | F6: =E6-D6 -> 2540000000 | G6: Penguatan Ekonomi Desa (BUMDes, Alat Produksi UMKM, Desa Wisata, Dukungan Pertanian/Perikanan)
A7: =A6+1 -> 4 | B7: Dinas Kelautan, Perikanan, dan Ketahanan Pangan | C7: PROGRAM PENINGKATAN DIVERSIFIKASI DAN KETAHANAN PANGAN MASYARAKAT | D7: =SUMIFS('[1]REKAP MUSRENKAB 17 MARET'!$Q$6:$Q$1488,'[1]REKAP MUSRENKAB 17 MARET'!$K$6:$K$1488,B7,'[1]REKAP MUSRENKAB 17 MARET'!$D$6:$D$1488,C7) -> 238000000 | E7: 1042632802 | F7: =E7-D7 -> 804632802 | G7: Penguatan Ekonomi Desa (BUMDes, Alat Produksi UMKM, Desa Wisata, Dukungan Pertanian/Perikanan)
A8: =A7+1 -> 5 | B8: Dinas Kelautan, Perikanan, dan Ketahanan Pangan | C8: PROGRAM Pengelolaan Perikanan Budidaya | D8: =SUMIFS('[1]REKAP MUSRENKAB 17 MARET'!$Q$6:$Q$1488,'[1]REKAP MUSRENKAB 17 MARET'!$K$6:$K$1488,B8,'[1]REKAP MUSRENKAB 17 MARET'!$D$6:$D$1488,C8) -> 0 | E8: 4383000000 | F8: =E8-D8 -> 4383000000 | G8: Penguatan Ekonomi Desa (BUMDes, Alat Produksi UMKM, Desa Wisata, Dukungan Pertanian/Perikanan)
A9: =A8+1 -> 6 | B9: Dinas Kelautan, Perikanan, dan Ketahanan Pangan | C9: PROGRAM Pengolahan dan Pemasaran Hasil Perikanan | D9: =SUMIFS('[1]REKAP MUSRENKAB 17 MARET'!$Q$6:$Q$1488,'[1]REKAP MUSRENKAB 17 MARET'!$K$6:$K$1488,B9,'[1]REKAP MUSRENKAB 17 MARET'!$D$6:$D$1488,C9) -> 125000000 | E9: 2171400000 | F9: =E9-D9 -> 2046400000 | G9: Penguatan Ekonomi Desa (BUMDes, Alat Produksi UMKM, Desa Wisata, Dukungan Pertanian/Perikanan)
A10: =A9+1 -> 7 | B10: Dinas Kesehatan, Pengendalian Penduduk dan Keluarga Berencana | C10: PROGRAM PEMENUHAN UPAYA KESEHATAN PERORANGAN DAN UPAYA KESEHATAN MASYARAKAT | D10: =SUMIFS('[1]REKAP MUSRENKAB 17 MARET'!$Q$6:$Q$1488,'[1]REKAP MUSRENKAB 17 MARET'!$K$6:$K$1488,B10,'[1]REKAP MUSRENKAB 17 MARET'!$D$6:$D$1488,C10) -> 778670000 | E10: 211172684496 | F10: =E10-D10 -> 210394014496 | G10: Peningkatan Kualitas SDM (Intervensi Stunting, Posyandu, Beasiswa, Pelatihan Keterampilan Kerja)
A11: =A10+1 -> 8 | B11: Dinas Lingkungan Hidup | C11: PROGRAM PENGENDALIAN PENCEMARAN DAN/ATAU KERUSAKAN LINGKUNGAN HIDUP. | D11: =SUMIFS('[1]REKAP MUSRENKAB 17 MARET'!$Q$6:$Q$1488,'[1]REKAP MUSRENKAB 17 MARET'!$K$6:$K$1488,B11,'[1]REKAP MUSRENKAB 17 MARET'!$D$6:$D$1488,C11) -> 125000000 | E11: 474000000 | F11: =E11-D11 -> 349000000 | G11: Sosial dan Kelembagaan (Kapasitas Pemdes, Karang taruna, Perlindungan Sosial Komunitas)
A12: =A11+1 -> 9 | B12: Dinas Lingkungan Hidup | C12: PROGRAM PENGELOLAAN PERSAMPAHAN | D12: =SUMIFS('[1]REKAP MUSRENKAB 17 MARET'!$Q$6:$Q$1488,'[1]REKAP MUSRENKAB 17 MARET'!$K$6:$K$1488,B12,'[1]REKAP MUSRENKAB 17 MARET'!$D$6:$D$1488,C12) -> 4459897600 | E12: 16349637430 | F12: =E12-D12 -> 11889739830 | G12: Sosial dan Kelembagaan (Kapasitas Pemdes, Karang taruna, Perlindungan Sosial Komunitas)
A13: =A12+1 -> 10 | B13: Dinas Pariwisata, Ekonomi Kreatif, Pemuda, dan Olahraga | C13: PROGRAM Pengembangan kapasitas daya saing kepemudaan | D13: =SUMIFS('[1]REKAP MUSRENKAB 17 MARET'!$Q$6:$Q$1488,'[1]REKAP MUSRENKAB 17 MARET'!$K$6:$K$1488,B13,'[1]REKAP MUSRENKAB 17 MARET'!$D$6:$D$1488,C13) -> 0 | E13: 5211314464 | F13: =E13-D13 -> 5211314464 | G13: Penguatan Ekonomi Desa (BUMDes, Alat Produksi UMKM, Desa Wisata, Dukungan Pertanian/Perikanan)
A14: =A13+1 -> 11 | B14: Dinas Pariwisata, Ekonomi Kreatif, Pemuda, dan Olahraga | C14: PROGRAM PENGEMBANGAN SUMBER DAYA PARIWISATA DAN EKONOMI KREATIF | D14: =SUMIFS('[1]REKAP MUSRENKAB 17 MARET'!$Q$6:$Q$1488,'[1]REKAP MUSRENKAB 17 MARET'!$K$6:$K$1488,B14,'[1]REKAP MUSRENKAB 17 MARET'!$D$6:$D$1488,C14) -> 50000000 | E14: 1120140000 | F14: =E14-D14 -> 1070140000 | G14: Penguatan Ekonomi Desa (BUMDes, Alat Produksi UMKM, Desa Wisata, Dukungan Pertanian/Perikanan)
A15: =A14+1 -> 12 | B15: Dinas Pariwisata, Ekonomi Kreatif, Pemuda, dan Olahraga | C15: Program Pengembangan Kapasitas Daya Saing Keolahragaan | D15: =SUMIFS('[1]REKAP MUSRENKAB 17 MARET'!$Q$6:$Q$1488,'[1]REKAP MUSRENKAB 17 MARET'!$K$6:$K$1488,B15,'[1]REKAP MUSRENKAB 17 MARET'!$D$6:$D$1488,C15) -> 965280000 | E15: 5277082500 | F15: =E15-D15 -> 4311802500 | G15: Penguatan Ekonomi Desa (BUMDes, Alat Produksi UMKM, Desa Wisata, Dukungan Pertanian/Perikanan)
A16: =A15+1 -> 13 | B16: Dinas Pariwisata, Ekonomi Kreatif, Pemuda, dan Olahraga | C16: PROGRAM PENINGKATAN DAYA TARIK DESTINASI PARIWISATA | D16: =SUMIFS('[1]REKAP MUSRENKAB 17 MARET'!$Q$6:$Q$1488,'[1]REKAP MUSRENKAB 17 MARET'!$K$6:$K$1488,B16,'[1]REKAP MUSRENKAB 17 MARET'!$D$6:$D$1488,C16) -> 2858258332 | E16: 1066000000 | F16: =E16-D16 -> -1792258332 | G16: Penguatan Ekonomi Desa (BUMDes, Alat Produksi UMKM, Desa Wisata, Dukungan Pertanian/Perikanan)
... A37: =A36+1 -> 34 | B37: Dinas Pekerjaan Umum, Penataan Ruang, Perumahan dan Kawasan Permukiman | C37: PROGRAM PENGEMBANGAN SISTEM DAN PENGELOLAAN PERSAMPAHAN REGIONAL | D37: =SUMIFS('[1]REKAP MUSRENKAB 17 MARET'!$Q$6:$Q$1488,'[1]REKAP MUSRENKAB 17 MARET'!$K$6:$K$1488,B37,'[1]REKAP MUSRENKAB 17 MARET'!$D$6:$D$1488,C37) -> 0 | E37: 1000000000 | F37: =E37-D37 -> 1000000000 | G37: Infrastruktur Dasar (Jalan lingkungan, Irigasi kecil, Air Bersih, Sanitasi/Rutilahu)
D38: =SUM(D4:D37) -> 1.3682584e+11 | E38: =SUM(E4:E37) -> 615061498792 | F38: =E38-D38 -> 4.7823566e+11
C40: CEK | D40: 1.3682584e+11
C41: SELISIH | D41: =D40-D38 -> 0
C43: SUB TOTAL | D43: =SUBTOTAL(9,D4:D37) -> 1.3682584e+11

Sheet REKAP PER OPD SAJA
A1: REKAP PER OPD_KECAMATAN USULAN DESA TAHUN 2027 (FORUM PERANGKAT DAERAH)
A2: Rekap Tanggal 3 April 2026
A3: NO | B3: OPD TUJUAN | C3: JUMLAH | D3: PILAR | E3: PAGU TOTAL OPD | F3: PROGRAM PENUNJANG | G3: PAGU CORE BISNIS | H3: SELISIH PAGU COR BISNIS DGN USULAN DESA
A4: 1 | B4: Badan Kesatuan Bangsa dan Politik | C4: =SUMIF('REKAP 3 APRIL (edit)'!$K$6:$K$1452,B4,'REKAP 3 APRIL (edit)'!$O$6:$O$1452) -> 19425000 | D4: Sosial dan Kelembagaan (Kapasitas Pemdes, Karang taruna, Perlindungan Sosial Komunitas) | E4: 8867508178 | F4: 4442008178 | G4: =E4-F4 -> 4425500000 | H4: =G4-C4 -> 4406075000
A5: =A4+1 -> 2 | B5: Dinas Kearsipan dan Perpustakaan | C5: =SUMIF('REKAP 3 APRIL (edit)'!$K$6:$K$1452,B5,'REKAP 3 APRIL (edit)'!$O$6:$O$1452) -> 0 | D5: Peningkatan Kualitas SDM (Intervensi Stunting, Posyandu, Beasiswa, Pelatihan Keterampilan Kerja) | G5: =E5-F5 -> 0 | H5: =G5-C5 -> 0
A6: =A5+1 -> 3 | B6: Dinas Kesehatan, Pengendalian Penduduk dan Keluarga Berencana | C6: =SUMIF('REKAP 3 APRIL (edit)'!$K$6:$K$1452,B6,'REKAP 3 APRIL (edit)'!$O$6:$O$1452) -> 1258670000 | D6: Peningkatan Kualitas SDM (Intervensi Stunting, Posyandu, Beasiswa, Pelatihan Keterampilan Kerja) | E6: 699757253403 | F6: 324873540000 | G6: =E6-F6 -> 374883713403 | H6: =G6-C6 -> 373625043403
A7: =A6+1 -> 4 | B7: Dinas Kelautan, Perikanan, dan Ketahanan Pangan | C7: =SUMIF('REKAP 3 APRIL (edit)'!$K$6:$K$1452,B7,'REKAP 3 APRIL (edit)'!$O$6:$O$1452) -> 562540000 | D7: Penguatan Ekonomi Desa (BUMDes, Alat Produksi UMKM, Desa Wisata, Dukungan Pertanian/Perikanan) | E7: 21091507877 | F7: 9331186759 | G7: =E7-F7 -> 11760321118 | H7: =G7-C7 -> 11197781118
A8: =A7+1 -> 5 | B8: Dinas Perindustrian, Koperasi, Usaha Kecil dan Menengah, dan Tenaga Kerja | C8: =SUMIF('REKAP 3 APRIL (edit)'!$K$6:$K$1452,B8,'REKAP 3 APRIL (edit)'!$O$6:$O$1452) -> 3410761000 | D8: Penguatan Ekonomi Desa (BUMDes, Alat Produksi UMKM, Desa Wisata, Dukungan Pertanian/Perikanan) | E8: 25392059315 | F8: 10542461515 | G8: =E8-F8 -> 14849597800 | H8: =G8-C8 -> 11438836800
A9: =A8+1 -> 6 | B9: Dinas Pariwisata, Ekonomi Kreatif, Pemuda, dan Olahraga | C9: =SUMIF('REKAP 3 APRIL (edit)'!$K$6:$K$1452,B9,'REKAP 3 APRIL (edit)'!$O$6:$O$1452) -> 3873538332 | D9: Penguatan Ekonomi Desa (BUMDes, Alat Produksi UMKM, Desa Wisata, Dukungan Pertanian/Perikanan) | E9: 26242470069 | F9: 9478029605 | G9: =E9-F9 -> 16764440464 | H9: =G9-C9 -> 12890902132
A10: =A9+1 -> 7 | B10: Dinas Perdagangan | C10: =SUMIF('REKAP 3 APRIL (edit)'!$K$6:$K$1452,B10,'REKAP 3 APRIL (edit)'!$O$6:$O$1452) -> 2773523783 | D10: Penguatan Ekonomi Desa (BUMDes, Alat Produksi UMKM, Desa Wisata, Dukungan Pertanian/Perikanan) | E10: 11446775735 | F10: 6637775735 | G10: =E10-F10 -> 4809000000 | H10: =G10-C10 -> 2035476217
A11: =A10+1 -> 8 | B11: Dinas Pertanian | C11: =SUMIF('REKAP 3 APRIL (edit)'!$K$6:$K$1452,B11,'REKAP 3 APRIL (edit)'!$O$6:$O$1452) -> 14128210199 | D11: Penguatan Ekonomi Desa (BUMDes, Alat Produksi UMKM, Desa Wisata, Dukungan Pertanian/Perikanan) | E11: 45588869460 | F11: 27365459360 | G11: =E11-F11 -> 18223410100 | H11: =G11-C11 -> 4095199901
A12: =A11+1 -> 9 | B12: Dinas Pemberdayaan Masyarakat dan Desa | C12: =SUMIF('REKAP 3 APRIL (edit)'!$K$6:$K$1452,B12,'REKAP 3 APRIL (edit)'!$O$6:$O$1452) -> 12025000 | D12: Sosial dan Kelembagaan (Kapasitas Pemdes, Karang taruna, Perlindungan Sosial Komunitas) | E12: 45588869460 | F12: 4811596500 | G12: =E12-F12 -> 40777272960 | H12: =G12-C12 -> 40765247960
A13: =A12+1 -> 10 | B13: Dinas Pendidikan dan Kebudayaan | C13: =SUMIF('REKAP 3 APRIL (edit)'!$K$6:$K$1452,B13,'REKAP 3 APRIL (edit)'!$O$6:$O$1452) -> 5493077800 | D13: Peningkatan Kualitas SDM (Intervensi Stunting, Posyandu, Beasiswa, Pelatihan Keterampilan Kerja) | E13: 734935497354 | F13: 541576647354 | G13: =E13-F13 -> 193358850000 | H13: =G13-C13 -> 187865772200
A14: =A13+1 -> 11 | B14: Satuan Polisi Pamong Praja | C14: =SUMIF('REKAP 3 APRIL (edit)'!$K$6:$K$1452,B14,'REKAP 3 APRIL (edit)'!$O$6:$O$1452) -> 520011775 | D14: Sosial dan Kelembagaan (Kapasitas Pemdes, Karang taruna, Perlindungan Sosial Komunitas) | E14: 14470754100 | F14: 11984754100 | G14: =E14-F14 -> 2486000000 | H14: =G14-C14 -> 1965988225
A15: =A14+1 -> 12 | B15: Dinas Sosial, Pemberdayaan Perempuan, dan Perlindungan Anak | C15: =SUMIF('REKAP 3 APRIL (edit)'!$K$6:$K$1452,B15,'REKAP 3 APRIL (edit)'!$O$6:$O$1452) -> 90431000 | D15: Sosial dan Kelembagaan (Kapasitas Pemdes, Karang taruna, Perlindungan Sosial Komunitas) | E15: 27934068326 | F15: 6849369130 | G15: =E15-F15 -> 21084699196 | H15: =G15-C15 -> 20994268196
A16: =A15+1 -> 13 | B16: Sekretariat Daerah | C16: =SUMIF('REKAP 3 APRIL (edit)'!$K$6:$K$1452,B16,'REKAP 3 APRIL (edit)'!$O$6:$O$1452) -> 1235513878 | D16: Sosial dan Kelembagaan (Kapasitas Pemdes, Karang taruna, Perlindungan Sosial Komunitas) | E16: 37722344000 | F16: 28439731000 | G16: =E16-F16 -> 9282613000 | H16: =G16-C16 -> 8047099122
A17: =A16+1 -> 14 | B17: Badan Penanggulangan Bencana Daerah | C17: =SUMIF('REKAP 3 APRIL (edit)'!$K$6:$K$1452,B17,'REKAP 3 APRIL (edit)'!$O$6:$O$1452) -> 1775000000 | D17: Sosial dan Kelembagaan (Kapasitas Pemdes, Karang taruna, Perlindungan Sosial Komunitas) | E17: 6639465427 | F17: 3882965427 | G17: =E17-F17 -> 2756500000 | H17: =G17-C17 -> 981500000
... A20: =A19+1 -> 17 | B20: Dinas Pekerjaan Umum, Penataan Ruang, Perumahan dan Kawasan Permukiman | C20: =SUMIF('REKAP 3 APRIL (edit)'!$K$6:$K$1452,B20,'REKAP 3 APRIL (edit)'!$O$6:$O$1452) -> 9.3831266e+10 | D20: Infrastruktur Dasar (Jalan lingkungan, Irigasi kecil, talud, dll) | E20: 178105229000 | F20: 24205526000 | G20: =E20-F20 -> 153899703000 | H20: =G20-C20 -> 6.0068437e+10
B21: JUMLAH | C21: =SUM(C4:C20) -> 1.3750584e+11
C23: 1.3750584e+11
C24: =C23-C21 -> 0
B26: Catatan PU yang mendukung stunting :
B27: - Air Bersih
B28: Jaringan Air Bersih SPAM ( Mesin Air dan Instalasi Perpipaan Ke Rumah ) | C28: 150000000
B29: Pembangunan Baru Spam Jaringan Perpipaan (Perpipaan Air Bersih Kpspam) | C29: 100000000
B30: Sumur Bor | C30: 210000000
B31: Perpipaan Air Bersih | C31: 150000000

Sheet REKAP 3 APRIL (edit)
A3: NO | B3: PRIORITAS DAERAH | C3: SASARAN DAERAH | D3: PROGRAM | E3: KEGIATAN PRIORITAS | F3: SASARAN KEGIATAN | G3: LOKASI (DESA/KEL) | I3: VOLUME | J3: PAGU USULAN AWAL | K3: PERANGKAT DAERAH PENANGGUNG JAWAB | L3: ID USULAN | M3: KECAMATAN | N3: HASIL PERBAIKAN KECAMATAN | P3: KETERANGAN | Q3: MENDUKUNG PILAR
G4: DESA | H4: DUSUN | N4: VOL | O4: PAGU
A5: 1 | B5: 2 | C5: 3 | D5: 4 | E5: 5 | F5: 6 | G5: 7 | H5: 8 | I5: 9 | J5: 10 | K5: 11 | L5: 12 | M5: 13 | N5: 14 | O5: 15 | P5: 16
A6: =A5+1 -> 2 | B6: Infrastruktur Berkelanjutan | C6: Meningkatnya Ketahanan Daerah terhadap Bencana | D6: PROGRAM PENANGGULANGAN BENCANA | E6: Pembangunan Sumur Bor | F6: Masyarakat Dusun Karang Duntal | G6: GERIMAX INDAH | H6: KARANG DUNTAL | I6: 1 unit | J6: 100000000 | K6: Badan Penanggulangan Bencana Daerah | L6: 2799328 | M6: Narmada | N6: 1 paket | O6: 210000000 | P6: Dilengkapi dengan usulan Proposal | Q6: Sosial dan Kelembagaan (Kapasitas Pemdes, Karang taruna, Perlindungan Sosial Komunitas)
A7: =A6+1 -> 3 | B7: Infrastruktur Berkelanjutan | C7: Meningkatnya Ketahanan Daerah terhadap Bencana | D7: PROGRAM PENANGGULANGAN BENCANA | E7: Pembangunan Sumur Bor | F7: Masyarakat Dusun Karang Anyar | G7: GERIMAX INDAH | H7: KARANG ANYAR (GERIMAX INDAH) | I7: 1 unit | J7: 100000000 | K7: Badan Penanggulangan Bencana Daerah | L7: 2799328 | M7: Narmada | N7: 1 paket | O7: 210000000 | P7: Dilengkapi dengan usulan Proposal | Q7: Sosial dan Kelembagaan (Kapasitas Pemdes, Karang taruna, Perlindungan Sosial Komunitas)
A8: =A7+1 -> 4 | B8: Infrastruktur Berkelanjutan | C8: Meningkatnya Ketahanan Daerah terhadap Bencana | D8: PROGRAM PENANGGULANGAN BENCANA | E8: PENANGGULANGAN BENCANA | F8: Pelatihan Relawan Kebencanaan | G8: Gerimax Indah | H8: =H3 -> 0 | I8: 1 Paket | J8: 7500000 | K8: Badan Penanggulangan Bencana Daerah | M8: Narmada | N8: 1 paket | O8: 35000000 | P8: Pindahan dari Pol PP | Q8: Sosial dan Kelembagaan (Kapasitas Pemdes, Karang taruna, Perlindungan Sosial Komunitas)
A9: =A8+1 -> 5 | B9: Infrastruktur Berkelanjutan | C9: Meningkatnya pembangunan Infrastruktur Dasar dan Konektivitas Antar Wilayah | D9: PROGRAM PENANGGULANGAN BENCANA | E9: PENGADAAN SUMUR BOR dan Intalasinya | F9: Masyarakat Dusun Lekong Siwak | G9: TANAK BEAK | H9: LEKONG SIWAK | I9: 1 | J9: 200000000 | K9: Badan Penanggulangan Bencana Daerah | L9: 2934710 | M9: Narmada | N9: 1 | O9: 210000000 | P9: sumur bor | Q9: Sosial dan Kelembagaan (Kapasitas Pemdes, Karang taruna, Perlindungan Sosial Komunitas)
A10: =A9+1 -> 6 | B10: Infrastruktur Berkelanjutan | C10: Meningkatnya Ketahanan Daerah terhadap Bencana | D10: PROGRAM PENANGGULANGAN BENCANA | E10: Pemasangan Jalur Evakuasi dan papan Informasi Bencana | G10: BAGIK POLAK BARAT | H10: LENDANG | I10: 1 Paket | J10: 5000000 | K10: Badan Penanggulangan Bencana Daerah | L10: 2932750 | M10: Labuapi | N10: 1 paket | O10: 25000000 | Q10: Sosial dan Kelembagaan (Kapasitas Pemdes, Karang taruna, Perlindungan Sosial Komunitas)
A11: =A10+1 -> 7 | B11: Infrastruktur Berkelanjutan | C11: Meningkatnya Ketahanan Daerah terhadap Bencana | D11: PROGRAM PENANGGULANGAN BENCANA | E11: Pelatihan Relawan Kebencanaan | F11: - | G11: Karang Bongkot | H11: Karang Bongkot | I11: 1 Paket | J11: 7500000 | K11: Badan Penanggulangan Bencana Daerah | L11: 2819724 | M11: Labuapi | N11: 1 paket | O11: 35000000 | Q11: Sosial dan Kelembagaan (Kapasitas Pemdes, Karang taruna, Perlindungan Sosial Komunitas)
A12: =#REF!+1 -> #REF! | B12: Infrastruktur Berkelanjutan | C12: Meningkatnya Ketahanan Daerah terhadap Bencana | D12: PROGRAM PENANGGULANGAN BENCANA | E12: Pengadaan sumur bor dan jaringan instalasinya untuk daerah rawan kekeringan | F12: Masyarakat Dusun Lendang Bontong | G12: SEKOTONG TENGAH | H12: LENDANG BONTONG | I12: 2 Unit | J12: 100000000 | K12: Badan Penanggulangan Bencana Daerah | L12: 2966626 | M12: Sekotong | N12: 1 pkt | O12: 210000000 | P12: dilengkapi dengan proposal | Q12: Sosial dan Kelembagaan (Kapasitas Pemdes, Karang taruna, Perlindungan Sosial Komunitas)
A13: =A12+1 -> #REF! | B13: Infrastruktur Berkelanjutan | C13: Meningkatnya Ketahanan Daerah terhadap Bencana | D13: PROGRAM PENANGGULANGAN BENCANA | E13: Pengadaan sumur bor dan jaringan instalasinya untuk daerah rawan kekeringan | F13: Masyarakat Dusun Montong Bao | G13: KEDARO | H13: MONTONG BAO | I13: 2 Paket | J13: 100000000 | K13: Badan Penanggulangan Bencana Daerah | L13: _ | M13: Sekotong | N13: 1 pkt | O13: 210000000 | P13: Pindahan dari DPUPRPKM | Q13: Sosial dan Kelembagaan (Kapasitas Pemdes, Karang taruna, Perlindungan Sosial Komunitas)
A14: =A13+1 -> #REF! | B14: Infrastruktur Berkelanjutan | C14: Meningkatnya Ketahanan Daerah terhadap Bencana | D14: PROGRAM PENANGGULANGAN BENCANA | E14: Pengadaan sumur bor dan jaringan instalasinya untuk daerah rawan kekeringan | F14: Masyarakat Dusun medames | G14: KEDARO | H14: MEDAMES | I14: 2 Paket | J14: 100000000 | K14: Badan Penanggulangan Bencana Daerah | L14: _ | M14: Sekotong | N14: 1 pkt | O14: 210000000 | P14: Pindahan dari DPUPRPKM | Q14: Sosial dan Kelembagaan (Kapasitas Pemdes, Karang taruna, Perlindungan Sosial Komunitas)
A15: =A14+1 -> #REF! | B15: Infrastruktur Berkelanjutan | C15: Meningkatnya Ketahanan Daerah terhadap Bencana | D15: PROGRAM PENANGGULANGAN BENCANA | E15: Pengadaan sumur bor dan jaringan instalasinya untuk daerah rawan kekeringan | F15: Masyarakat Dusun Mendawe Utara | G15: KEDARO | H15: MENDAWE UTARA | I15: 2 Paket | J15: 100000000 | K15: Badan Penanggulangan Bencana Daerah | L15: _ | M15: Sekotong | N15: 1 pkt | O15: 210000000 | P15: Pindahan dari DPUPRPKM | Q15: Sosial dan Kelembagaan (Kapasitas Pemdes, Karang taruna, Perlindungan Sosial Komunitas)
A16: 15 | B16: Infrastruktur Berkelanjutan | C16: Meningkatnya Ketahanan Daerah terhadap Bencana | D16: PROGRAM PENANGGULANGAN BENCANA | E16: Pengadaan sumur bor dan jaringan instalasinya untuk daerah rawan kekeringan | G16: Selat | H16: Montong Daye | K16: Badan Penanggulangan Bencana Daerah | M16: Narmada | N16: 1 pkt | O16: 210000000 | P16: Ada di BA Musrenbang Kab, pindahan PUPR | Q16: Sosial dan Kelembagaan (Kapasitas Pemdes, Karang taruna, Perlindungan Sosial Komunitas)
A17: 1 | B17: Transformasi dan Kemandirian Ekonomi | C17: Terjaganya stabilitas inflasi | D17: PROGRAM PENINGKATAN SARANA DISTRIBUSI PERDAGANGAN | E17: Pengadaan Rombong Roda beratap 50 Paket dan penataan UMKM | F17: Kelompok UMKM pada Dusun Senggigi | G17: SENGGIGI | H17: SENGGIGI | I17: 50 Paket | J17: 50000000 | K17: Dinas Perdagangan | L17: 2818477 | M17: Batulayar | N17: 8 | O17: 50760000 | Q17: Penguatan Ekonomi Desa (BUMDes, Alat Produksi UMKM, Desa Wisata, Dukungan Pertanian/Perikanan)
A18: 2 | B18: Transformasi dan Kemandirian Ekonomi | C18: Terjaganya stabilitas inflasi | D18: PROGRAM PENINGKATAN SARANA DISTRIBUSI PERDAGANGAN | E18: Bantuan Sarpras UMKM ( Rombong, Tenda Stand, Meja, Kursi ) | F18: Kelompok UMKM yang ada pada Desa senteluk Daye | G18: SENTELUK | H18: PENYANGGET | I18: 10 paket | J18: 200000000 | K18: Dinas Perdagangan | L18: 2817507 | M18: Batulayar | N18: 32 | O18: 203040000 | Q18: Penguatan Ekonomi Desa (BUMDes, Alat Produksi UMKM, Desa Wisata, Dukungan Pertanian/Perikanan)
A19: 3 | B19: Transformasi dan Kemandirian Ekonomi | C19: Terjaganya stabilitas inflasi | D19: PROGRAM PENINGKATAN SARANA DISTRIBUSI PERDAGANGAN | E19: Bantuan Sarana dan Prasarana Perdagangan | F19: Kelompok UMKM desa sandik | G19: Sandik | H19: ??? | I19: 4 paket | J19: 20000000 | K19: Dinas Perdagangan | L19: 3299586 | M19: Batulayar | N19: 3 | O19: 20000000 | P19: Pindahan Diskop | Q19: Penguatan Ekonomi Desa (BUMDes, Alat Produksi UMKM, Desa Wisata, Dukungan Pertanian/Perikanan)
A20: 4 | B20: Transformasi dan Kemandirian Ekonomi | C20: Terjaganya stabilitas inflasi | D20: PROGRAM PENINGKATAN SARANA DISTRIBUSI PERDAGANGAN | E20: Grobak UMKM | F20: Masyarakat Dusun Penimbung Barat | G20: PENIMBUNG | H20: PENIMBUNG BARAT | I20: 3 UNIT | J20: 18000000 | K20: Dinas Perdagangan | L20: 3299071 | M20: Gunung Sari | N20: 3 | O20: =N20*6345000 -> 19035000 | P20: pindahan dari provinsi | Q20: Penguatan Ekonomi Desa (BUMDes, Alat Produksi UMKM, Desa Wisata, Dukungan Pertanian/Perikanan)
A21: 5 | B21: Transformasi dan Kemandirian Ekonomi | C21: Terjaganya stabilitas inflasi | D21: PROGRAM PENINGKATAN SARANA DISTRIBUSI PERDAGANGAN | E21: Grobak UMKM | F21: Masyarakat Dusun Bukit Tinggi | G21: BUKIT TINGGI | H21: BUKIT TINGGI | I21: 5 kelompok | J21: 50000000 | K21: Dinas Perdagangan | L21: 3299835 | M21: Gunung Sari | N21: 8 | O21: 50760000 | P21: pindahan dari Disperinkop | Q21: Penguatan Ekonomi Desa (BUMDes, Alat Produksi UMKM, Desa Wisata, Dukungan Pertanian/Perikanan)
A22: 6 | B22: Transformasi dan Kemandirian Ekonomi | C22: Terjaganya stabilitas inflasi | D22: PROGRAM PENINGKATAN SARANA DISTRIBUSI PERDAGANGAN | E22: Bantuan Gerobak,Etalase dan Tenda untuk pedagang sate bulayak dusun karang mas | F22: Kelompok Dagang Sate Karang Mas | G22: Batu Kumbung | H22: Karang Mas | I22: 1 Paket | J22: 100000000 | K22: Dinas Perdagangan | L22: 2792437 | M22: Lingsar | N22: 7 | O22: 100000000 | P22: GEROBAK (7 unit Rp 44.415.000), Tenda (7 unit Rp41.300.000), Etalase (7 uni Rp 14.000.000) | Q22: Penguatan Ekonomi Desa (BUMDes, Alat Produksi UMKM, Desa Wisata, Dukungan Pertanian/Perikanan)
A23: 7 | B23: Transformasi dan Kemandirian Ekonomi | C23: Terjaganya stabilitas inflasi | D23: PROGRAM PENINGKATAN SARANA DISTRIBUSI PERDAGANGAN | E23: Bantuan Sarana dan Prasarana Perdagangan | F23: Masyarakat Desa | G23: LINGSAR | H23: LINGSAR TAMAN | I23: 50 Bh | J23: 300000000 | K23: Dinas Perdagangan | L23: 2952867 | M23: Lingsar | N23: 21 | O23: 315000000 | P23: GEROBAK (7 unit Rp 44.415.000), Tenda (7 unit Rp41.300.000), Etalase (7 uni Rp 14.000.000) | Q23: Penguatan Ekonomi Desa (BUMDes, Alat Produksi UMKM, Desa Wisata, Dukungan Pertanian/Perikanan)
A24: 8 | B24: Transformasi dan Kemandirian Ekonomi | C24: Terjaganya stabilitas inflasi | D24: PROGRAM PENINGKATAN SARANA DISTRIBUSI PERDAGANGAN | E24: Bantuan Sarana dan Prasarana Perdagangan | F24: Kelompok Pedagang | G24: BUG-BUG | H24: BUG-BUG UTARA TIMUR | I24: 3 KELOMPOK | J24: 15000000 | K24: Dinas Perdagangan | L24: 2921906 | M24: Lingsar | N24: 2 | O24: 14690000 | P24: gerobak (2 unit Rp 12.690.000), Etalase P. 150X40X110 (1 unit Rp 2.000.000) | Q24: Penguatan Ekonomi Desa (BUMDes, Alat Produksi UMKM, Desa Wisata, Dukungan Pertanian/Perikanan)
A25: 9 | B25: Transformasi dan Kemandirian Ekonomi | C25: Terjaganya stabilitas inflasi | D25: PROGRAM PENINGKATAN SARANA DISTRIBUSI PERDAGANGAN | E25: Bantuan Sarana dan Prasarana Perdagangan | F25: Kelompok Pedagang | G25: BUG-BUG | H25: BUG-BUG SELATAN | I25: 3 KELOMPOK | J25: 15000000 | K25: Dinas Perdagangan | L25: 2921825 | M25: Lingsar | N25: 2 | O25: 14690000 | P25: gerobak (2 unit Rp 12.690.000), Etalase P. 150X40X110 (1 unit Rp 2.000.000) | Q25: Penguatan Ekonomi Desa (BUMDes, Alat Produksi UMKM, Desa Wisata, Dukungan Pertanian/Perikanan)
A26: 10 | B26: Transformasi dan Kemandirian Ekonomi | C26: Terjaganya stabilitas inflasi | D26: PROGRAM PENINGKATAN SARANA DISTRIBUSI PERDAGANGAN | E26: BANTUAN SARANA DAN PRASARANA PERDAGANGAN GEROBAK | F26: Masyarakat Dusun Karang Duntal | G26: GERIMAX INDAH | H26: KARANG DUNTAL | I26: 2 unit | J26: 10000000 | K26: Dinas Perdagangan | L26: 3307589 | M26: Narmada | N26: 12 | O26: 76140000 | P26: OPERAN PERINKOP | Q26: Penguatan Ekonomi Desa (BUMDes, Alat Produksi UMKM, Desa Wisata, Dukungan Pertanian/Perikanan)
A27: 11 | B27: Transformasi dan Kemandirian Ekonomi | C27: Terjaganya stabilitas inflasi | D27: PROGRAM PENINGKATAN SARANA DISTRIBUSI PERDAGANGAN | E27: BANTUAN SARANA DAN PRASARANA PERDAGANGAN GEROBAK | F27: Masyarakat Dusun Kembang Kuning | G27: GERIMAX INDAH | H27: KEMBANG KUNING | I27: 15 unit | J27: 10000000 | K27: Dinas Perdagangan | L27: 3307611 | M27: Narmada | N27: 15 | O27: =15*6345000 -> 95175000 | P27: OPERAN PERINKOP | Q27: Penguatan Ekonomi Desa (BUMDes, Alat Produksi UMKM, Desa Wisata, Dukungan Pertanian/Perikanan)
A28: 12 | B28: Transformasi dan Kemandirian Ekonomi | C28: Terjaganya stabilitas inflasi | D28: PROGRAM PENINGKATAN SARANA DISTRIBUSI PERDAGANGAN | E28: BANTUAN SARANA DAN PRASARANA PERDAGANGAN GEROBAK | F28: Masyarakat Dusun Karang Anyar | G28: GERIMAX INDAH | H28: KARANG ANYAR (GERIMAX INDAH) | I28: 2 unit | J28: 10000000 | K28: Dinas Perdagangan | L28: 3245837 | M28: Narmada | N28: 2 | O28: =2*6345000 -> 12690000 | P28: OPERAN PERINKOP | Q28: Penguatan Ekonomi Desa (BUMDes, Alat Produksi UMKM, Desa Wisata, Dukungan Pertanian/Perikanan)
A29: 13 | B29: Transformasi dan Kemandirian Ekonomi | C29: Terjaganya stabilitas inflasi | D29: PROGRAM PENINGKATAN SARANA DISTRIBUSI PERDAGANGAN | E29: BANTUAN SARANA DAN PRASARANA PERDAGANGAN GEROBAK | F29: Masyarakat Dusun Dasan Montor | G29: GERIMAX INDAH | H29: DASAN MONTOR | I29: 4 unit | J29: 10000000 | K29: Dinas Perdagangan | L29: 3307634 | M29: Narmada | N29: 12 | O29: 76140000 | P29: OPERAN PERINKOP | Q29: Penguatan Ekonomi Desa (BUMDes, Alat Produksi UMKM, Desa Wisata, Dukungan Pertanian/Perikanan)
A30: 14 | B30: Transformasi dan Kemandirian Ekonomi | C30: Terjaganya stabilitas inflasi | D30: PROGRAM PENINGKATAN SARANA DISTRIBUSI PERDAGANGAN | E30: BANTUAN SARANA DAN PRASARANA PERDAGANGAN GEROBAK | G30: SELAT | H30: SELAT BARAT | I30: 4 unit | J30: 25000000 | K30: Dinas Perdagangan | L30: 3307657 | M30: Narmada | N30: 4 | O30: 25380000 | P30: OPERAN PERINKOP | Q30: Penguatan Ekonomi Desa (BUMDes, Alat Produksi UMKM, Desa Wisata, Dukungan Pertanian/Perikanan)
A31: 15 | B31: Transformasi dan Kemandirian Ekonomi | C31: Terjaganya stabilitas inflasi | D31: PROGRAM PENINGKATAN SARANA DISTRIBUSI PERDAGANGAN | E31: BANTUAN SARANA DAN PRASARANA PERDAGANGAN GEROBAK | G31: SELAT | H31: SELAT TIMUR | I31: 10 Unit Gerobak | J31: 25000000 | K31: Dinas Perdagangan | L31: 3307667 | M31: Narmada | N31: 4 | O31: 25380000 | P31: OPERAN PERINKOP | Q31: Penguatan Ekonomi Desa (BUMDes, Alat Produksi UMKM, Desa Wisata, Dukungan Pertanian/Perikanan)
A32: 16 | B32: Transformasi dan Kemandirian Ekonomi | C32: Terjaganya stabilitas inflasi | D32: PROGRAM PENINGKATAN SARANA DISTRIBUSI PERDAGANGAN | E32: Bantuan Sarana dan Prasarana Perdagangan | F32: Warga Dusun Bangket Punik, Desa Golong | G32: GOLONG | H32: BANGKET PUNIK | I32: 2 unit | J32: 100000000 | K32: Dinas Perdagangan | L32: 2906025 | M32: Narmada | N32: 16 | O32: 101520000 | Q32: Penguatan Ekonomi Desa (BUMDes, Alat Produksi UMKM, Desa Wisata, Dukungan Pertanian/Perikanan)
A33: 17 | B33: Transformasi dan Kemandirian Ekonomi | C33: Terjaganya stabilitas inflasi | D33: PROGRAM PENINGKATAN SARANA DISTRIBUSI PERDAGANGAN | E33: BANTUAN SARANA DAN PRASARANA PERDAGANGAN GEROBAK | F33: UMKM Dusun Golong, Desa Golong | G33: GOLONG | H33: Golong | I33: 10 Unit Gerobak | J33: 100000000 | K33: Dinas Perdagangan | L33: 3307681 | M33: Narmada | N33: 16 | O33: 101520000 | Q33: Penguatan Ekonomi Desa (BUMDes, Alat Produksi UMKM, Desa Wisata, Dukungan Pertanian/Perikanan)
A34: 18 | B34: Transformasi dan Kemandirian Ekonomi | C34: Terjaganya stabilitas inflasi | D34: PROGRAM PENINGKATAN SARANA DISTRIBUSI PERDAGANGAN | E34: Banyak Umkm di desa Lelede yang memerlukan sarana dan prasarana berupa RAK untuk menunjang Kreativitas usahanya (Jadi Etalase) | F34: Masyarakat Dusun setempat | G34: LELEDE | H34: DASAN BAWAK | I34: 6 UNIT | J34: 30000000 | K34: Dinas Perdagangan | L34: 3304126 | M34: Kediri | N34: 12 UNIT | O34: 50000000 | P34: OPERAN DISKOP (ETALASE) | Q34: Penguatan Ekonomi Desa (BUMDes, Alat Produksi UMKM, Desa Wisata, Dukungan Pertanian/Perikanan)
A35: 19 | B35: Transformasi dan Kemandirian Ekonomi | C35: Terjaganya stabilitas inflasi | D35: PROGRAM PENINGKATAN SARANA DISTRIBUSI PERDAGANGAN | E35: Sarana Perdagangan BUMDES desa Gelogor (boxshop) | F35: masyarakat setempat | G35: GELOGOR | H35: GELOGOR SELATAN | I35: 10 unit | J35: 100000000 | K35: Dinas Perdagangan | L35: 3304037 | M35: Kediri | N35: 10 | O35: 100000000 | P35: OPERAN BPMD | Q35: Penguatan Ekonomi Desa (BUMDes, Alat Produksi UMKM, Desa Wisata, Dukungan Pertanian/Perikanan)
A36: 20 | B36: Transformasi dan Kemandirian Ekonomi | C36: Terjaganya stabilitas inflasi | D36: PROGRAM PENINGKATAN SARANA DISTRIBUSI PERDAGANGAN | E36: Kurangnya Alat-Alat dagang bagi pengusaha kecil menegah seperti(Gerobak dan lain lain) | F36: Masyarakat Dusun setempat | G36: BANYUMULEK | H36: DASAN TAWAR | I36: 3 UNIT | J36: 20000000 | K36: Dinas Perdagangan | L36: 3304169 | M36: Kediri | N36: 3 | O36: 19035000 | Q36: Penguatan Ekonomi Desa (BUMDes, Alat Produksi UMKM, Desa Wisata, Dukungan Pertanian/Perikanan)
A37: 21 | B37: Transformasi dan Kemandirian Ekonomi | C37: Terjaganya stabilitas inflasi | D37: PROGRAM PENINGKATAN SARANA DISTRIBUSI PERDAGANGAN | E37: banyak Umkm di desa Ombe baru yang memerluka sarana dan prasarana untuk menunjang usahanya (Grobak) | F37: Masyarakat Dusun setempat | G37: OMBE BARU | H37: OMBE BEBAE DAN OMBE DESE | I37: 2x0,80 | J37: 40000000 | K37: Dinas Perdagangan | L37: 2871327 | M37: Kediri | N37: 6 | O37: 38000000 | Q37: Penguatan Ekonomi Desa (BUMDes, Alat Produksi UMKM, Desa Wisata, Dukungan Pertanian/Perikanan)
A38: 22 | B38: Transformasi dan Kemandirian Ekonomi | C38: Terjaganya stabilitas inflasi | D38: PROGRAM PENINGKATAN SARANA DISTRIBUSI PERDAGANGAN | E38: Bantuan Sarana dan Prasarana Perdagangan | G38: BAGIK POLAK BARAT | H38: JOGOT SELATAN | I38: 1 paket | J38: 8000000 | K38: Dinas Perdagangan | L38: 2933174 | M38: Labuapi | N38: 1 | O38: 8000000 | Q38: Penguatan Ekonomi Desa (BUMDes, Alat Produksi UMKM, Desa Wisata, Dukungan Pertanian/Perikanan)
A39: 23 | B39: Transformasi dan Kemandirian Ekonomi | C39: Terjaganya stabilitas inflasi | D39: PROGRAM PENINGKATAN SARANA DISTRIBUSI PERDAGANGAN | E39: Bantuan Sarana dan Prasarana Perdagangan | G39: Bajur | H39: BAJUR AMPEL | I39: 5 Unit | J39: 25000000 | K39: Dinas Perdagangan | L39: 2914087 | M39: Labuapi | N39: 28 | O39: 177660000 | P39: PAGU BERUBAH (GEROBAK) | Q39: Penguatan Ekonomi Desa (BUMDes, Alat Produksi UMKM, Desa Wisata, Dukungan Pertanian/Perikanan)
A40: 24 | B40: Transformasi dan Kemandirian Ekonomi | C40: Terjaganya stabilitas inflasi | D40: PROGRAM PENINGKATAN SARANA DISTRIBUSI PERDAGANGAN | E40: Bantuan Sarana dan Prasarana Perdagangan | F40: Kelompok . . | G40: Perampuan | H40: PERAMPUAN BARAT | I40: 5 unit | J40: 50000000 | K40: Dinas Perdagangan | L40: 2872813 | M40: Labuapi | N40: 8 | O40: 50760000 | Q40: Penguatan Ekonomi Desa (BUMDes, Alat Produksi UMKM, Desa Wisata, Dukungan Pertanian/Perikanan)
A41: 25 | B41: Transformasi dan Kemandirian Ekonomi | C41: Terjaganya stabilitas inflasi | D41: PROGRAM PENINGKATAN SARANA DISTRIBUSI PERDAGANGAN | E41: Permohonan Bantuan Sarana Usaha (Gerobak) UMKM | F41: Masyarakat Dusun setempat | G41: JAGARAGA | H41: DASAN GERES | I41: 1 Paket | J41: 50000000 | K41: Dinas Perdagangan | L41: 3310300 | M41: Kuripan | N41: 10 | O41: 63450000 | P41: GEROBAK | Q41: Penguatan Ekonomi Desa (BUMDes, Alat Produksi UMKM, Desa Wisata, Dukungan Pertanian/Perikanan)
A42: 26 | B42: Transformasi dan Kemandirian Ekonomi | C42: Terjaganya stabilitas inflasi | D42: PROGRAM PENINGKATAN SARANA DISTRIBUSI PERDAGANGAN | E42: Gerobak UMKM | F42: Kelompok UMKM | G42: JEMBATAN GANTUNG | H42: TELUK SEPANG | I42: 4 UNIT | J42: 25000000 | K42: Dinas Perdagangan | L42: 3307568 | M42: Lembar | N42: 4 | O42: 25380000 | P42: OPERAN PERINKOP | Q42: Penguatan Ekonomi Desa (BUMDes, Alat Produksi UMKM, Desa Wisata, Dukungan Pertanian/Perikanan)
A43: 27 | B43: Transformasi dan Kemandirian Ekonomi | C43: Terjaganya stabilitas inflasi | D43: PROGRAM PENINGKATAN SARANA DISTRIBUSI PERDAGANGAN | E43: Bantuan Sarana dan Prasarana Perdagangan | F43: KELOMPOK | G43: JEMBATAN KEMBAR TIMUR | H43: ABROR | I43: 5 UNIT | J43: 15000000 | K43: Dinas Perdagangan | L43: 2959853 | M43: Lembar | N43: 2 | O43: 12690000 | Q43: Penguatan Ekonomi Desa (BUMDes, Alat Produksi UMKM, Desa Wisata, Dukungan Pertanian/Perikanan)
A44: 28 | B44: Transformasi dan Kemandirian Ekonomi | C44: Terjaganya stabilitas inflasi | D44: PROGRAM PENINGKATAN SARANA DISTRIBUSI PERDAGANGAN | E44: Bantuan Sarana dan Prasarana Perdagangan | F44: KELOMPOK | G44: JEMBATAN KEMBAR TIMUR | H44: JEMBATAN KEMBAR | I44: 5 UNIT | J44: 15000000 | K44: Dinas Perdagangan | L44: 2959876 | M44: Lembar | N44: 2 | O44: 12690000 | Q44: Penguatan Ekonomi Desa (BUMDes, Alat Produksi UMKM, Desa Wisata, Dukungan Pertanian/Perikanan)
A45: 29 | B45: Transformasi dan Kemandirian Ekonomi | C45: Terjaganya stabilitas inflasi | D45: PROGRAM PENINGKATAN SARANA DISTRIBUSI PERDAGANGAN | E45: Bantuan Sarana dan Prasarana Perdagangan | F45: Kelompok | G45: LEMBAR SELATAN | H45: BATU SAMBAN | I45: 5 UNIT | J45: 25000000 | K45: Dinas Perdagangan | L45: 2975266 | M45: Lembar | N45: 3 | O45: 20000000 | P45: PAGU BERUBAH | Q45: Penguatan Ekonomi Desa (BUMDes, Alat Produksi UMKM, Desa Wisata, Dukungan Pertanian/Perikanan)
A46: 30 | B46: Transformasi dan Kemandirian Ekonomi | C46: Terjaganya stabilitas inflasi | D46: PROGRAM PENINGKATAN SARANA DISTRIBUSI PERDAGANGAN | E46: Bantuan Sarana dan Prasarana Perdagangan (KONTAINER/BOXSHOP) | F46: Kelompok UMKM | G46: LEMBAR SELATAN | H46: SEGENTER | I46: 15 UNIT | J46: 67500000 | K46: Dinas Perdagangan | L46: 3307538 | M46: Lembar | N46: 7 | O46: 70000000 | P46: operan perinkop | Q46: Penguatan Ekonomi Desa (BUMDes, Alat Produksi UMKM, Desa Wisata, Dukungan Pertanian/Perikanan)
A47: 32 | B47: Transformasi dan Kemandirian Ekonomi | C47: Terjaganya stabilitas inflasi | D47: PROGRAM PENINGKATAN SARANA DISTRIBUSI PERDAGANGAN | G47: SENGGIGI | H47: kerandangan | I47: 50 Paket | J47: 50000000 | K47: Dinas Perdagangan | M47: Batulayar | N47: 9 | O47: =6345000*N47 -> 57105000 | P47: tambahan baru | Q47: Penguatan Ekonomi Desa (BUMDes, Alat Produksi UMKM, Desa Wisata, Dukungan Pertanian/Perikanan)
A48: 33 | B48: Transformasi dan Kemandirian Ekonomi | C48: Terjaganya stabilitas inflasi | D48: PROGRAM PENINGKATAN SARANA DISTRIBUSI PERDAGANGAN | E48: Bantuan Sarana Prasarana UMKM | F48: Masyarakat Dusun Kembang Kuning | G48: GERIMAX INDAH | H48: KEMBANG KUNING | I48: 10 unit | J48: 10000000 | K48: Dinas Perindustrian, Koperasi, Usaha Kecil dan Menengah, dan Tenaga Kerja | L48: 2798523 | M48: Narmada | N48: 15 | O48: 100000000 | P48: di alihkan ke dinas perdagangan | Q48: Penguatan Ekonomi Desa (BUMDes, Alat Produksi UMKM, Desa Wisata, Dukungan Pertanian/Perikanan)
A49: 34 | B49: Transformasi dan Kemandirian Ekonomi | C49: Terjaganya stabilitas inflasi | D49: PROGRAM PENINGKATAN SARANA DISTRIBUSI PERDAGANGAN | E49: Bantuan sarana prasarana Usaha Mikro Kecil dan Menengah (UMKM) | G49: Karang Bongkot | H49: Perampuan Timur | I49: 4 Paket | J49: 30000000 | K49: Dinas Perindustrian, Koperasi, Usaha Kecil dan Menengah, dan Tenaga Kerja | L49: 2818868 | M49: Labuapi | N49: 5 | O49: 31725000 | P49: Pindah ke Disdag (Rombong) | Q49: Penguatan Ekonomi Desa (BUMDes, Alat Produksi UMKM, Desa Wisata, Dukungan Pertanian/Perikanan)
A50: 35 | B50: Transformasi dan Kemandirian Ekonomi | C50: Terjaganya stabilitas inflasi | D50: PROGRAM PENINGKATAN SARANA DISTRIBUSI PERDAGANGAN | E50: Bantuan UMKM | F50: Kelompok UMKM yang ada pada Dusun Pusuk | G50: PUSUK LESTARI | H50: PUSUK | K50: Dinas Perindustrian, Koperasi, Usaha Kecil dan Menengah, dan Tenaga Kerja | L50: 2938366 | M50: Batulayar | N50: 15 | O50: 100000000 | P50: Pindahan Diskopnaker | Q50: Penguatan Ekonomi Desa (BUMDes, Alat Produksi UMKM, Desa Wisata, Dukungan Pertanian/Perikanan)
A51: 36 | B51: Transformasi dan Kemandirian Ekonomi | C51: Terjaganya stabilitas inflasi | D51: PROGRAM PENINGKATAN SARANA DISTRIBUSI PERDAGANGAN | E51: UKM | F51: Masyarakat Dusun Penimbung Barat | G51: Penimbung | H51: PENIMBUNG BARAT | I51: 3 UNIT | J51: 18000000 | K51: Dinas Perindustrian, Koperasi, Usaha Kecil dan Menengah, dan Tenaga Kerja | L51: 2960802 | M51: Gunung Sari | N51: 2 | O51: 15000000 | P51: Pindahan Diskopnaker | Q51: Penguatan Ekonomi Desa (BUMDes, Alat Produksi UMKM, Desa Wisata, Dukungan Pertanian/Perikanan)
A52: 37 | B52: Transformasi dan Kemandirian Ekonomi | C52: Terjaganya stabilitas inflasi | D52: PROGRAM PENINGKATAN SARANA DISTRIBUSI PERDAGANGAN | G52: Terong Tawah | H52: Terong Tawah Timur | K52: Dinas Perdagangan | M52: Labuapi | N52: 8 | O52: 50000000 | P52: USULAN BARU (GEROBAK) | Q52: Penguatan Ekonomi Desa (BUMDes, Alat Produksi UMKM, Desa Wisata, Dukungan Pertanian/Perikanan)
A53: 38 | B53: Transformasi dan Kemandirian Ekonomi | C53: Terjaganya stabilitas inflasi | D53: PROGRAM PENINGKATAN SARANA DISTRIBUSI PERDAGANGAN | G53: Terong Tawah | H53: Terong Tawah Barat | K53: Dinas Perdagangan | M53: Labuapi | N53: 8 | O53: 50000000 | P53: USULAN BARU (GEROBAK) | Q53: Penguatan Ekonomi Desa (BUMDes, Alat Produksi UMKM, Desa Wisata, Dukungan Pertanian/Perikanan)
A54: 39 | B54: Transformasi dan Kemandirian Ekonomi | C54: Terjaganya stabilitas inflasi | D54: PROGRAM PENINGKATAN SARANA DISTRIBUSI PERDAGANGAN | G54: Terong Tawah | H54: Terong Tawah Presak | K54: Dinas Perdagangan | M54: Labuapi | N54: 8 | O54: 50000000 | P54: USULAN BARU (GEROBAK) | Q54: Penguatan Ekonomi Desa (BUMDes, Alat Produksi UMKM, Desa Wisata, Dukungan Pertanian/Perikanan)
A55: 40 | B55: Transformasi dan Kemandirian Ekonomi | C55: Terjaganya stabilitas inflasi | D55: PROGRAM PENINGKATAN SARANA DISTRIBUSI PERDAGANGAN | G55: Terong Tawah | H55: Jerneng Mekar | K55: Dinas Perdagangan | M55: Labuapi | N55: 8 | O55: 50000000 | P55: USULAN BARU (GEROBAK) | Q55: Penguatan Ekonomi Desa (BUMDes, Alat Produksi UMKM, Desa Wisata, Dukungan Pertanian/Perikanan)
A56: 41 | B56: Transformasi dan Kemandirian Ekonomi | C56: Terjaganya stabilitas inflasi | D56: PROGRAM PENINGKATAN SARANA DISTRIBUSI PERDAGANGAN | G56: Terong Tawah | H56: Jerneng Darmaji | K56: Dinas Perdagangan | M56: Labuapi | N56: 8 | O56: 50000000 | P56: USULAN BARU (GEROBAK) | Q56: Penguatan Ekonomi Desa (BUMDes, Alat Produksi UMKM, Desa Wisata, Dukungan Pertanian/Perikanan)
A57: 42 | B57: Transformasi dan Kemandirian Ekonomi | C57: Terjaganya stabilitas inflasi | D57: PROGRAM PENINGKATAN SARANA DISTRIBUSI PERDAGANGAN | G57: Terong Tawah | H57: Jerneng Kalijaga | K57: Dinas Perdagangan | M57: Labuapi | N57: 8 | O57: 50000000 | P57: USULAN BARU (GEROBAK) | Q57: Penguatan Ekonomi Desa (BUMDes, Alat Produksi UMKM, Desa Wisata, Dukungan Pertanian/Perikanan)
A58: 43 | B58: Transformasi dan Kemandirian Ekonomi | C58: Terjaganya stabilitas inflasi | D58: PROGRAM PENINGKATAN SARANA DISTRIBUSI PERDAGANGAN | G58: Terong Tawah | H58: Jerneng Induk | K58: Dinas Perdagangan | M58: Labuapi | N58: 8 | O58: 50000000 | P58: USULAN BARU (GEROBAK) | Q58: Penguatan Ekonomi Desa (BUMDes, Alat Produksi UMKM, Desa Wisata, Dukungan Pertanian/Perikanan)
A59: 44 | B59: Transformasi dan Kemandirian Ekonomi | C59: Terjaganya stabilitas inflasi | D59: PROGRAM PENINGKATAN SARANA DISTRIBUSI PERDAGANGAN | E59: Bantuan Sarana dan Prasarana Perdagangan | F59: Masyarakat Dusun Madek Belek II | G59: Cendi Manik | H59: Empol Timur | K59: Dinas Perdagangan | M59: Sekotong | N59: 13 | O59: 111280000 | P59: Usulan Baru dialihkan ke dinas perdagangan (Kontainer jualan) | Q59: Penguatan Ekonomi Desa (BUMDes, Alat Produksi UMKM, Desa Wisata, Dukungan Pertanian/Perikanan)
A60: 45 | B60: Transformasi dan Kemandirian Ekonomi | C60: Terjaganya stabilitas inflasi | D60: PROGRAM PENINGKATAN SARANA DISTRIBUSI PERDAGANGAN | E60: Pengadaan Gerobak bagi UKM Pantai Indok | G60: Taman Ayu | H60: Karang Genteng | K60: Dinas Perdagangan | M60: Gerung | N60: 3 | O60: 21250000 | P60: Usulan Baru dialihkan ke dinas perdagangan | Q60: Penguatan Ekonomi Desa (BUMDes, Alat Produksi UMKM, Desa Wisata, Dukungan Pertanian/Perikanan)
A61: 46 | B61: Transformasi dan Kemandirian Ekonomi | C61: Terjaganya stabilitas inflasi | D61: PROGRAM PENINGKATAN SARANA DISTRIBUSI PERDAGANGAN | E61: Pengadaan Terop UMKM | F61: Klp UMKM | G61: Eyat Mayang | H61: Eyat Mayang Selatan | K61: Dinas Perdagangan | M61: Lembar | N61: 6 | O61: 37170483 | P61: Usulan Baru dialihkan ke dinas perdagangan | Q61: Penguatan Ekonomi Desa (BUMDes, Alat Produksi UMKM, Desa Wisata, Dukungan Pertanian/Perikanan)
A62: 47 | B62: Transformasi dan Kemandirian Ekonomi | C62: Terjaganya stabilitas inflasi | D62: PROGRAM PENINGKATAN SARANA DISTRIBUSI PERDAGANGAN | E62: Pengadaan Gerobak | F62: Klp UMKM | G62: Granada | H62: Jembatan Kembar | K62: Dinas Perdagangan | M62: Lembar | N62: 6 | O62: 38133300 | P62: Usulan Baru dialihkan ke dinas perdagangan | Q62: Penguatan Ekonomi Desa (BUMDes, Alat Produksi UMKM, Desa Wisata, Dukungan Pertanian/Perikanan)
A63: 48 | B63: Transformasi dan Kemandirian Ekonomi | C63: Terjaganya stabilitas inflasi | D63: PROGRAM PENINGKATAN SARANA DISTRIBUSI PERDAGANGAN | E63: Pengadaan Gerobak | F63: Klp UMKM | G63: Jembatan Kembar Timur | H63: Jembatan Kembar | K63: Dinas Perdagangan | M63: Lembar | N63: 3 | O63: 25000000 | P63: Usulan Baru dialihkan ke dinas perdagangan | Q63: Penguatan Ekonomi Desa (BUMDes, Alat Produksi UMKM, Desa Wisata, Dukungan Pertanian/Perikanan)
A64: 49 | B64: Transformasi dan Kemandirian Ekonomi | C64: Terjaganya stabilitas inflasi | D64: PROGRAM PENINGKATAN SARANA DISTRIBUSI PERDAGANGAN | E64: Gerobak UMKM | F64: Masyarakat Dusun Montong Pace | G64: Montong Pace | H64: Jatisela | K64: Dinas Perdagangan | M64: Gunung Sari | N64: 3 | O64: 20000000 | P64: Usulan Baru dialihkan ke dinas perdagangan | Q64: Penguatan Ekonomi Desa (BUMDes, Alat Produksi UMKM, Desa Wisata, Dukungan Pertanian/Perikanan)
A65: 50 | B65: Transformasi dan Kemandirian Ekonomi | C65: Terjaganya stabilitas inflasi | D65: PROGRAM PENINGKATAN SARANA DISTRIBUSI PERDAGANGAN | E65: Bantuan Sarana dan Prasarana Perdagangan (gerobak dagang) | G65: Babussalam | H65: BEREMI BARAT | K65: Dinas Perdagangan | M65: Gerung | N65: 2 | O65: 14000000 | P65: Gerobak dagang | Q65: Penguatan Ekonomi Desa (BUMDes, Alat Produksi UMKM, Desa Wisata, Dukungan Pertanian/Perikanan)
A66: 51 | B66: Transformasi dan Kemandirian Ekonomi | C66: Terjaganya stabilitas inflasi | D66: PROGRAM PENINGKATAN SARANA DISTRIBUSI PERDAGANGAN | E66: Bantuan Sarana dan Prasarana Perdagangan (gerobak dagang) | G66: Babussalam | H66: BEREMI TIMUR | K66: Dinas Perdagangan | M66: Gerung | N66: 2 | O66: 14000000 | P66: Gerobak dagang | Q66: Penguatan Ekonomi Desa (BUMDes, Alat Produksi UMKM, Desa Wisata, Dukungan Pertanian/Perikanan)
A67: 52 | B67: Transformasi dan Kemandirian Ekonomi | C67: Terjaganya stabilitas inflasi | D67: PROGRAM PENINGKATAN SARANA DISTRIBUSI PERDAGANGAN | E67: Bantuan Sarana dan Prasarana Perdagangan (gerobak dagang) | G67: Babussalam | H67: LEMOKEK DAYE | K67: Dinas Perdagangan | M67: Gerung | N67: 2 | O67: 14000000 | P67: Gerobak dagang | Q67: Penguatan Ekonomi Desa (BUMDes, Alat Produksi UMKM, Desa Wisata, Dukungan Pertanian/Perikanan)
A68: 53 | B68: Transformasi dan Kemandirian Ekonomi | C68: Terjaganya stabilitas inflasi | D68: PROGRAM PENINGKATAN SARANA DISTRIBUSI PERDAGANGAN | E68: Bantuan Sarana dan Prasarana Perdagangan (gerobak dagang) | G68: Babussalam | H68: LEMOKEK LAUK | K68: Dinas Perdagangan | M68: Gerung | N68: 2 | O68: 14000000 | P68: Gerobak dagang | Q68: Penguatan Ekonomi Desa (BUMDes, Alat Produksi UMKM, Desa Wisata, Dukungan Pertanian/Perikanan)
A69: 54 | B69: Transformasi dan Kemandirian Ekonomi | C69: Terjaganya stabilitas inflasi | D69: PROGRAM PENINGKATAN SARANA DISTRIBUSI PERDAGANGAN | E69: Bantuan Sarana dan Prasarana Perdagangan (gerobak dagang) | G69: Babussalam | H69: BANGKET BAWAK | K69: Dinas Perdagangan | M69: Gerung | N69: 2 | O69: 14000000 | P69: Gerobak dagang | Q69: Penguatan Ekonomi Desa (BUMDes, Alat Produksi UMKM, Desa Wisata, Dukungan Pertanian/Perikanan)
A70: 55 | B70: Transformasi dan Kemandirian Ekonomi | C70: Terjaganya stabilitas inflasi | D70: PROGRAM PENINGKATAN SARANA DISTRIBUSI PERDAGANGAN | E70: Bantuan Sarana dan Prasarana Perdagangan (gerobak dagang) | G70: Babussalam | H70: BILEKEDIT UTARA | K70: Dinas Perdagangan | M70: Gerung | N70: 6 | O70: 42000000 | P70: Gerobak dagang | Q70: Penguatan Ekonomi Desa (BUMDes, Alat Produksi UMKM, Desa Wisata, Dukungan Pertanian/Perikanan)
A71: 56 | B71: Transformasi dan Kemandirian Ekonomi | C71: Terjaganya stabilitas inflasi | D71: PROGRAM PENINGKATAN SARANA DISTRIBUSI PERDAGANGAN | E71: Bantuan Sarana dan Prasarana Perdagangan (gerobak dagang) | G71: Babussalam | H71: BILAKEDIT SELATAN | K71: Dinas Perdagangan | M71: Gerung | N71: 2 | O71: 14000000 | P71: Gerobak dagang | Q71: Penguatan Ekonomi Desa (BUMDes, Alat Produksi UMKM, Desa Wisata, Dukungan Pertanian/Perikanan)
A72: 57 | B72: Transformasi dan Kemandirian Ekonomi | C72: Terjaganya stabilitas inflasi | D72: PROGRAM PENINGKATAN SARANA DISTRIBUSI PERDAGANGAN | E72: Bantuan Sarana dan Prasarana Perdagangan (gerobak dagang) | G72: Babussalam | H72: KARANG LANGKO | K72: Dinas Perdagangan | M72: Gerung | N72: 2 | O72: 14000000 | P72: Gerobak dagang | Q72: Penguatan Ekonomi Desa (BUMDes, Alat Produksi UMKM, Desa Wisata, Dukungan Pertanian/Perikanan)
A73: 58 | B73: Transformasi dan Kemandirian Ekonomi | C73: Terjaganya stabilitas inflasi | D73: PROGRAM PENINGKATAN SARANA DISTRIBUSI PERDAGANGAN | E73: Bantuan Sarana dan Prasarana Perdagangan (gerobak dagang) | G73: Babussalam | H73: PETURUNAN PUNTIK | K73: Dinas Perdagangan | M73: Gerung | N73: 2 | O73: 14000000 | P73: Gerobak dagang | Q73: Penguatan Ekonomi Desa (BUMDes, Alat Produksi UMKM, Desa Wisata, Dukungan Pertanian/Perikanan)
A74: 59 | B74: Transformasi dan Kemandirian Ekonomi | C74: Terjaganya stabilitas inflasi | D74: PROGRAM PENINGKATAN SARANA DISTRIBUSI PERDAGANGAN | E74: Pengadaan gerobak ibu2 | G74: BABUSSALAM | H74: BILAKEDIT BARAT | K74: Dinas Perdagangan | M74: Gerung | O74: 10000000 | P74: Salah OPD, tetapi belum masuk pada usulan di dinas perdagangan suruh desa konfirmasi ke Dinas Perdagangan | Q74: Penguatan Ekonomi Desa (BUMDes, Alat Produksi UMKM, Desa Wisata, Dukungan Pertanian/Perikanan)
A75: 1 | B75: Infrastruktur Berkelanjutan | C75: Meningkatnya Kualitas Lingkungan Hidup | D75: Program Penyelenggaraan Lalu Lintas dan Angkutan Jalan (LLAJ) | E75: Pengadaan Penerangan Jalan | F75: Masyarakat Dusun Batu penyu dan sekitarnya | G75: PUSUK LESTARI | H75: KEDONDONG ATAS | I75: 50 unit | J75: 250000000 | K75: Dinas Perhubungan | L75: 2938293 | M75: Batulayar | N75: 12 unit | O75: 201000000 | P75: Diakomodir melalui pengalihan anggaran | Q75: Infrastruktur Dasar (Jalan lingkungan, Irigasi kecil, talud, dll)
A76: =A75+1 -> 2 | B76: Infrastruktur Berkelanjutan | C76: Meningkatnya Kualitas Lingkungan Hidup | D76: Program Penyelenggaraan Lalu Lintas dan Angkutan Jalan (LLAJ) | E76: penerang jalan lingkungan ( lampu jalan ) | F76: Masyarakat Dusun Lembah sari dan sekitarnya | G76: LEMBAH SARI | H76: LEMBAH SARI | J76: 20000000 | K76: Dinas Perhubungan | L76: 2846452 | M76: Batulayar | N76: 5 titik | O76: 83750000 | P76: Tambahan Anggaran dari Dusun yang berada di Desa Lembah sari | Q76: Infrastruktur Dasar (Jalan lingkungan, Irigasi kecil, talud, dll)
A77: =A76+1 -> 3 | B77: Infrastruktur Berkelanjutan | C77: Meningkatnya Kualitas Lingkungan Hidup | D77: Program Penyelenggaraan Lalu Lintas dan Angkutan Jalan (LLAJ) | E77: Penerang Jalan Umum | F77: Masyarakat Dusun Gunungsari Indah | G77: GUNUNGSARI | H77: Gunungsari Indah | K77: Dinas Perhubungan | L77: ID Belum Ada | M77: Gunung Sari | N77: 3 unit | O77: 50000000 | P77: Usulan Baru | Q77: Infrastruktur Dasar (Jalan lingkungan, Irigasi kecil, talud, dll)
A78: =A77+1 -> 4 | B78: Infrastruktur Berkelanjutan | C78: Meningkatnya Kualitas Lingkungan Hidup | D78: Program Penyelenggaraan Lalu Lintas dan Angkutan Jalan (LLAJ) | E78: Kaca Vortex | F78: Masyarakat Dusun Belencong Bagek | G78: MIDANG | H78: Belencong Bagek | I78: 1 Unit | J78: 5000000 | K78: Dinas Perhubungan | L78: 2978277 | M78: Gunung Sari | N78: 1 Unit | O78: 10550000 | P78: Ini masih hitungan fisik, belum termasuk jasa dll. | Q78: Infrastruktur Dasar (Jalan lingkungan, Irigasi kecil, talud, dll)
A79: =A78+1 -> 5 | B79: Infrastruktur Berkelanjutan | C79: Meningkatnya Kualitas Lingkungan Hidup | D79: Program Penyelenggaraan Lalu Lintas dan Angkutan Jalan (LLAJ) | E79: Kaca Vortex | F79: Masyarakat Dusun Penanggak | G79: MIDANG | H79: PENANGGAK (MIDANG) | I79: 1 Unit | J79: 5000000 | K79: Dinas Perhubungan | L79: 2972587 | M79: Gunung Sari | N79: 1 Unit | O79: 10550000 | P79: Ini masih hitungan fisik, belum termasuk jasa dll. | Q79: Infrastruktur Dasar (Jalan lingkungan, Irigasi kecil, talud, dll)
A80: =A79+1 -> 6 | B80: Infrastruktur Berkelanjutan | C80: Meningkatnya pembangunan Infrastruktur Dasar dan Konektivitas Antar Wilayah | D80: Program Penyelenggaraan Lalu Lintas dan Angkutan Jalan (LLAJ) | E80: Pengadaan PJU | F80: Masyarakat Dusun Johar Pelita | G80: Jatisela | H80: JOHAR PELITA | K80: Dinas Perhubungan | L80: ID Belum Ada | M80: Gunung Sari | N80: 7 Unit | O80: 129950000 | P80: Sesuai kesepakatan hari senin 2 Maret 2026 | Q80: Infrastruktur Dasar (Jalan lingkungan, Irigasi kecil, talud, dll)
A81: =A80+1 -> 7 | B81: Infrastruktur Berkelanjutan | C81: Meningkatnya pembangunan Infrastruktur Dasar dan Konektivitas Antar Wilayah | D81: Program Penyelenggaraan Lalu Lintas dan Angkutan Jalan (LLAJ) | E81: Pengadaan PJU | F81: Masyarakat Dusun Griya Praja Asri | G81: Jatisela | H81: GRIYA PRAJA ASRI | K81: Dinas Perhubungan | L81: ID Belum Ada | M81: Gunung Sari | N81: 7 Unit | O81: 129950000 | P81: Sesuai kesepakatan hari senin 2 Maret 2026 | Q81: Infrastruktur Dasar (Jalan lingkungan, Irigasi kecil, talud, dll)
A82: =A81+1 -> 8 | B82: Infrastruktur Berkelanjutan | C82: Meningkatnya Kualitas Lingkungan Hidup | D82: Program Penyelenggaraan Lalu Lintas dan Angkutan Jalan (LLAJ) | E82: Pengadaan Lampu Jalan | F82: Masyarakat Dusun Batu Kemalik | G82: BUKIT TINGGI | H82: BATU KEMALIK | I82: 11 unit | J82: 51000000 | K82: Dinas Perhubungan | L82: 2821269 | M82: Gunung Sari | N82: 3 unit | O82: =16750000*3 -> 50250000 | P82: Ini masih hitungan fisik belum termasuk jasa dll. Belum ada titik koordinat. | Q82: Infrastruktur Dasar (Jalan lingkungan, Irigasi kecil, talud, dll)
A83: =A82+1 -> 9 | B83: Infrastruktur Berkelanjutan | C83: Meningkatnya Kualitas Lingkungan Hidup | D83: Program Penyelenggaraan Lalu Lintas dan Angkutan Jalan (LLAJ) | E83: Pengadaan dan Pemeliharaan Perlengkapan Jalan Penerangan Jalan Umum (PJU) | F83: Masyarakat | G83: Dasan Geria | H83: DASAN GERIA SELATAN | I83: 1 Paket | J83: 150000000 | K83: Dinas Perhubungan | L83: 2942621 | M83: Lingsar | N83: 8 titik | O83: 134000000 | P83: Ini masih hitungan fisik, belum termasuk jasa dll. | Q83: Infrastruktur Dasar (Jalan lingkungan, Irigasi kecil, talud, dll)
A84: =A83+1 -> 10 | B84: Infrastruktur Berkelanjutan | C84: Meningkatnya Kualitas Lingkungan Hidup | D84: Program Penyelenggaraan Lalu Lintas dan Angkutan Jalan (LLAJ) | E84: Pengadaan dan Pemeliharaan perlengkapan jalan Penerangan Jalan Umum (PJU) | F84: Warga Dusun | G84: Langko | H84: Langko Timuk | I84: 1 Unit | J84: 25000000 | K84: Dinas Perhubungan | L84: 2848845 | M84: Lingsar | N84: 1 unit | O84: 50000000 | P84: Berdasarkan usulan Desa Langko yang terdiri dari beberapa dusun, akan digabung yaitu dusun sangiang, dusun langko lauk, dusun langko bat, dusun langko daye, dusun langko timuk, dan dusun muhajirin untuk pengadaan PJU. Volume masih hitungan secara fisik, belum termasuk jasa dll. Belum ada titik koordinat. | Q84: Infrastruktur Dasar (Jalan lingkungan, Irigasi kecil, talud, dll)
A85: =A84+1 -> 11 | B85: Infrastruktur Berkelanjutan | C85: Meningkatnya Kualitas Lingkungan Hidup | D85: Program Penyelenggaraan Lalu Lintas dan Angkutan Jalan (LLAJ) | E85: Pengadaan dan Pemeliharaan perlengkapan jalan Penerangan Jalan Umum (PJU) | F85: Masyarakat Dusun Bagik Nunggal Tengah | G85: PETELUAN INDAH | H85: BAGIK NUNGGAL | I85: 14 titik | J85: 28000000 | K85: Dinas Perhubungan | L85: 2909530 | M85: Lingsar | N85: 1 unit | P85: Berdasarkan usulan Desa Langko yang terdiri dari beberapa dusun, akan digabung yaitu dusun sangiang, dusun langko lauk, dusun langko bat, dusun langko daye, dusun langko timuk, dan dusun muhajirin untuk pengadaan PJU. Volume masih hitungan secara fisik, belum termasuk jasa dll. Belum ada titik koordinat. | Q85: Infrastruktur Dasar (Jalan lingkungan, Irigasi kecil, talud, dll)
A86: =A85+1 -> 12 | B86: Infrastruktur Berkelanjutan | C86: Meningkatnya Kualitas Lingkungan Hidup | D86: Program Penyelenggaraan Lalu Lintas dan Angkutan Jalan (LLAJ) | E86: Pengadaan, Rehabilitasi dan pemeliharaan perlengkapan jalan Kabupaten Lombok Barat | F86: Masyarakat Dusun Bagik Nunggal Tengah | G86: PETELUAN INDAH | H86: BAGIK NUNGGAL | I86: 1 ls | J86: 10000000 | K86: Dinas Perhubungan | L86: 2910363 | M86: Lingsar | N86: menyesuaikan | P86: Untuk desa Peteluan Indah yang terdapat pengusulan di 2 dusun yaitu dusun bagik nunggal tengah dan dusun bagik nunggal timur sesuai kesepakatan akan digabung pagunya untuk pemeliharaan PJU. | Q86: Infrastruktur Dasar (Jalan lingkungan, Irigasi kecil, talud, dll)
A87: =A86+1 -> 13 | B87: Infrastruktur Berkelanjutan | C87: Meningkatnya Kualitas Lingkungan Hidup | D87: Program Penyelenggaraan Lalu Lintas dan Angkutan Jalan (LLAJ) | E87: Pengadaan, Rehabilitasi dan pemeliharaan perlengkapan jalan Kabupaten Lombok Barat | F87: Masyarakat Dusun Bagik Nunggal Timur | G87: PETELUAN INDAH | H87: BAGIK NUNGGAL TIMUR | I87: 50m | J87: 100000000 | K87: Dinas Perhubungan | L87: 2910429 | M87: Lingsar | N87: menyesuaikan | O87: 110000000 | P87: Untuk desa Peteluan Indah yang terdapat pengusulan di 2 dusun yaitu dusun bagik nunggal tengah dan dusun bagik nunggal timur sesuai kesepakatan akan digabung pagunya untuk pemeliharaan PJU. | Q87: Infrastruktur Dasar (Jalan lingkungan, Irigasi kecil, talud, dll)
A88: =A87+1 -> 14 | B88: Infrastruktur Berkelanjutan | C88: Meningkatnya Kualitas Lingkungan Hidup | D88: Program Penyelenggaraan Lalu Lintas dan Angkutan Jalan (LLAJ) | E88: Pengadaan Dan Pemeliharaan Perlengkapan Jalan Penerangan Jalan Umum (Pju) (Pengadaan Tiang Listrik) | F88: Warga Dusun | G88: DUMAN | H88: DUMAN UTARA | I88: 1000 M | J88: 100000000 | K88: Dinas Perhubungan | L88: 2915235 | M88: Lingsar | N88: 6 unit | O88: 100500000 | P88: Usulan yang terdapat di Desa duman dusun dasan bat dan dusun duman utara, sesuai kesepakatan akan digabung untuk pengadaan PJU sesuai standar harga dinas. | Q88: Infrastruktur Dasar (Jalan lingkungan, Irigasi kecil, talud, dll)
A89: =A88+1 -> 15 | B89: Infrastruktur Berkelanjutan | C89: Meningkatnya Kualitas Lingkungan Hidup | D89: Program Penyelenggaraan Lalu Lintas dan Angkutan Jalan (LLAJ) | E89: Pengadaan dan Pemeliharaan perlengkapan jalan Penerangan Jalan Umum (PJU) | F89: Masyarakat Dusun Rumbuk | G89: BATU MEKAR | H89: Rumbuk | I89: 50 Titik | J89: 120000000 | K89: Dinas Perhubungan | L89: 3149918 | M89: Lingsar | N89: 7 unit | O89: 117250000 | P89: Usulan yang terdapat di Desa duman dusun dasan bat dan dusun duman utara, sesuai kesepakatan akan digabung untuk pengadaan PJU sesuai standar harga dinas. Perhitungan baru fisiknya saja belum termasuk jasa dll. | Q89: Infrastruktur Dasar (Jalan lingkungan, Irigasi kecil, talud, dll)
A90: =A89+1 -> 16 | B90: Infrastruktur Berkelanjutan | C90: Meningkatnya Kualitas Lingkungan Hidup | D90: Program Penyelenggaraan Lalu Lintas dan Angkutan Jalan (LLAJ) | E90: Pengadaan dan Pemeliharaan perlengkapan jalan Penerangan Jalan Umum (PJU) | F90: Masyarakat Dusun Endut | G90: BATU MEKAR | H90: Endut | I90: 50 Titik | J90: 120000000 | K90: Dinas Perhubungan | L90: 2871486 | M90: Lingsar | N90: 6 unit | O90: 100500000 | Q90: Infrastruktur Dasar (Jalan lingkungan, Irigasi kecil, talud, dll)
A91: =A90+1 -> 17 | B91: Infrastruktur Berkelanjutan | C91: Meningkatnya Kualitas Lingkungan Hidup | D91: Program Penyelenggaraan Lalu Lintas dan Angkutan Jalan (LLAJ) | E91: Masih Kurangnya Penerangan lampu jalan di setiap dusun yang ada di desa giri madia, | F91: warga Desa | G91: GIRI MADIA | H91: LEONG | I91: 1 Set | J91: 20000000 | K91: Dinas Perhubungan | L91: 2824567 | M91: Lingsar | N91: 1 unit | O91: 0 | P91: Ini masih hitungan fisik, belum termasuk jasa dll. Belum ada titik koordinat. | Q91: Infrastruktur Dasar (Jalan lingkungan, Irigasi kecil, talud, dll)
A92: =A91+1 -> 18 | B92: Infrastruktur Berkelanjutan | C92: Meningkatnya Kualitas Lingkungan Hidup | D92: Program Penyelenggaraan Lalu Lintas dan Angkutan Jalan (LLAJ) | E92: Pengadaan dan Pemeliharaan Perlengkapan Jalan Penerangan Jalan Umum (PJU) | F92: Masyarakat Desa Batu Kuta | G92: BATU KUTA | H92: BATU KUTA LENTING | I92: 200 M | J92: 100000000 | K92: Dinas Perhubungan | L92: 2935974 | M92: Narmada | N92: 8 unit | O92: 134000000 | Q92: Infrastruktur Dasar (Jalan lingkungan, Irigasi kecil, talud, dll)
A93: =A92+1 -> 19 | B93: Infrastruktur Berkelanjutan | C93: Meningkatnya Kualitas Lingkungan Hidup | D93: Program Penyelenggaraan Lalu Lintas dan Angkutan Jalan (LLAJ) | E93: Lampu Penerang Jalan (PJU) | F93: Masyarakat Dusun Dasan Tereng Selatan | G93: DASAN TERENG | H93: DASAN TERENG SELATAN | I93: 3 TITIK | J93: 30000000 | K93: Dinas Perhubungan | L93: 2963095 | M93: Narmada | N93: 2 titk | O93: 50000000 | Q93: Infrastruktur Dasar (Jalan lingkungan, Irigasi kecil, talud, dll)
A94: =A93+1 -> 20 | B94: Infrastruktur Berkelanjutan | C94: Meningkatnya Kualitas Lingkungan Hidup | D94: Program Penyelenggaraan Lalu Lintas dan Angkutan Jalan (LLAJ) | E94: Pengadaan dan pemeliharaan PJU | F94: Masyarakat di Dusun Orong Sedalem | G94: Suranadi | H94: Orong Sedalem | I94: 50 titik | J94: - | K94: Dinas Perhubungan | L94: 2959291 | M94: Narmada | O94: 110000000 | Q94: Infrastruktur Dasar (Jalan lingkungan, Irigasi kecil, talud, dll)
A95: =A94+1 -> 21 | B95: Infrastruktur Berkelanjutan | C95: Meningkatnya Kualitas Lingkungan Hidup | D95: Program Penyelenggaraan Lalu Lintas dan Angkutan Jalan (LLAJ) | E95: Penerangan Jalan Umum | F95: 6307 Orang (Masyarakat) | G95: SESAOT | H95: SESAOT TIMUR | I95: 45 titik | J95: 35000000 | K95: Dinas Perhubungan | L95: 2930917 + 2930927 | M95: Narmada | N95: menyesuaikan | O95: 50000000 | Q95: Infrastruktur Dasar (Jalan lingkungan, Irigasi kecil, talud, dll)
A96: =A95+1 -> 22 | B96: Infrastruktur Berkelanjutan | C96: Meningkatnya Kualitas Lingkungan Hidup | D96: Program Penyelenggaraan Lalu Lintas dan Angkutan Jalan (LLAJ) | E96: pengadaan penerangan jalan sejumlah 20 titik | F96: Masyarakat Dusun setempat | G96: JAGARAGA INDAH | H96: Tinggar Karang Anyar | I96: 20 | J96: 20000000 | K96: Dinas Perhubungan | L96: 2820196 | M96: Kediri | N96: 2 unit | O96: 50000000 | Q96: Infrastruktur Dasar (Jalan lingkungan, Irigasi kecil, talud, dll)
A97: =A96+1 -> 23 | B97: Infrastruktur Berkelanjutan | C97: Meningkatnya Kualitas Lingkungan Hidup | D97: Program Penyelenggaraan Lalu Lintas dan Angkutan Jalan (LLAJ) | E97: Masih gelapnya jln Tgh Abd hafiz Alkholidi perlu pemasangan PJU 3 Titik | F97: Masyarakat Dusun setempat | G97: KEDIRI SELATAN | H97: TERATE | I97: 3 Unit | J97: 50000000 | K97: Dinas Perhubungan | L97: 2928196 | M97: Kediri | N97: 3 unit | O97: 50000000 | Q97: Infrastruktur Dasar (Jalan lingkungan, Irigasi kecil, talud, dll)
A98: =A97+1 -> 24 | B98: Infrastruktur Berkelanjutan | C98: Meningkatnya Kualitas Lingkungan Hidup | D98: Program Penyelenggaraan Lalu Lintas dan Angkutan Jalan (LLAJ) | E98: Pemasangan PJU | F98: Pengguna Jalan | G98: KEDIRI SELATAN | H98: SEDAYU TENGAH | I98: 6 Unit | J98: 100000000 | K98: Dinas Perhubungan | L98: 2928393 | M98: Kediri | N98: 6 Unit | O98: 100000000 | Q98: Infrastruktur Dasar (Jalan lingkungan, Irigasi kecil, talud, dll)
A99: =A98+1 -> 25 | B99: Infrastruktur Berkelanjutan | C99: Meningkatnya Kualitas Lingkungan Hidup | D99: Program Penyelenggaraan Lalu Lintas dan Angkutan Jalan (LLAJ) | E99: Pemasangan PJU | F99: Masyarakat Dusun setempat | G99: KEDIRI SELATAN | H99: BANGKET DALEM | I99: 6 Unit | J99: 100000000 | K99: Dinas Perhubungan | L99: 2929100 | M99: Kediri | N99: 6 Unit | O99: 100000000 | Q99: Infrastruktur Dasar (Jalan lingkungan, Irigasi kecil, talud, dll)
A100: =A99+1 -> 26 | B100: Infrastruktur Berkelanjutan | C100: Meningkatnya Kualitas Lingkungan Hidup | D100: Program Penyelenggaraan Lalu Lintas dan Angkutan Jalan (LLAJ) | E100: Pengadaan Lampu PJU | F100: Masyarakat Dusun | G100: BAGIK POLAK | H100: KARANG BUCU LAUK | I100: 1 Paket | J100: 25000000 | K100: Dinas Perhubungan | L100: 2911253 | M100: Labuapi | N100: 1 titik | P100: Ini baru hitungan fisiknya saja, belum termasuk hitungan jasa dan lainnya. | Q100: Infrastruktur Dasar (Jalan lingkungan, Irigasi kecil, talud, dll)
A101: =A100+1 -> 27 | B101: Infrastruktur Berkelanjutan | C101: Meningkatnya Kualitas Lingkungan Hidup | D101: Program Penyelenggaraan Lalu Lintas dan Angkutan Jalan (LLAJ) | E101: Pengadaan Lampu PJU | F101: Masyarakat Dusun | G101: BAGIK POLAK | H101: KARANG BUCU BARAT | I101: 1 Paket | J101: 25000000 | K101: Dinas Perhubungan | L101: 2911253 | M101: Labuapi | N101: 1 titik | P101: Ini baru hitungan fisiknya saja, belum termasuk hitungan jasa dan lainnya. | Q101: Infrastruktur Dasar (Jalan lingkungan, Irigasi kecil, talud, dll)
A102: =A101+1 -> 28 | B102: Infrastruktur Berkelanjutan | C102: Meningkatnya Kualitas Lingkungan Hidup | D102: Program Penyelenggaraan Lalu Lintas dan Angkutan Jalan (LLAJ) | E102: Pengadaan Lampu PJU | F102: Masyarakat Dusun | G102: BAGIK POLAK | H102: KARANG BUCU DAYE | I102: 1 Paket | J102: 25000000 | K102: Dinas Perhubungan | L102: 2911253 | M102: Labuapi | N102: 1 titik | P102: Ini baru hitungan fisiknya saja, belum termasuk hitungan jasa dan lainnya. | Q102: Infrastruktur Dasar (Jalan lingkungan, Irigasi kecil, talud, dll)
...

Sheet PAGU PER PILAR 2027
A1: REKAP SEMENTARA PAGU PER PILAR SDD (DARI HASIL MUSRENBANGKAB) 2027
A3: NO | B3: URAIAN | C3: PAGU | D3: PERSENTASE | E3: Blueprint Alokasi Indikatif
A4: 1 | B4: Penguatan Ekonomi Desa (BUMDes, Alat Produksi UMKM, Desa Wisata, Dukungan Pertanian/Perikanan) | C4: =SUMIF('REKAP 3 APRIL (edit)'!$Q$6:$Q$1452,B4,'REKAP 3 APRIL (edit)'!$O$6:$O$1452) -> 24748573314 | D4: =C4/$C$8*100 -> 17.998198 | E4: 30 - 40 %
A5: 2 | B5: Peningkatan Kualitas SDM (Intervensi Stunting, Posyandu, Beasiswa, Pelatihan Keterampilan Kerja) | C5: =SUMIF('REKAP 3 APRIL (edit)'!$Q$6:$Q$1452,B5,'REKAP 3 APRIL (edit)'!$O$6:$O$1452) -> 7.1929522e+10 | D5: =C5/$C$8*100 -> 52.310159 | E5: 20 - 25 %
A6: 3 | B6: Infrastruktur Dasar (Jalan lingkungan, Irigasi kecil, talud, dll) | C6: =SUMIF('REKAP 3 APRIL (edit)'!$Q$6:$Q$1452,B6,'REKAP 3 APRIL (edit)'!$O$6:$O$1452) -> 32563536989 | D6: =C6/$C$8*100 -> 23.681567 | E6: 20 - 25 %
A7: 4 | B7: Sosial dan Kelembagaan (Kapasitas Pemdes, Karang taruna, Perlindungan Sosial Komunitas) | C7: =SUMIF('REKAP 3 APRIL (edit)'!$Q$6:$Q$1452,B7,'REKAP 3 APRIL (edit)'!$O$6:$O$1452) -> 8264204253 | D7: =C7/$C$8*100 -> 6.0100752 | E7: 10 - 15 %
A8: JUMLAH | C8: =SUM(C4:C7) -> 1.3750584e+11 | D8: =SUM(D4:D7) -> 100
C43: PERANGKAT DAERAH | D43: SUB KEGIATAN | E43: PEKERJAAN | F43: PAGU ANGGARAN
C44: Dinas Pendidikan dan Kebudayaan | D44: Pengadaan Mebel Sekolah | E44: Pengadaan Mebel Lab komputer SMPN 3 Gerung | F44: 38500000 | G44: 2 | H44: 2400000 | I44: 38500000 | J44: 85377500 | K44: 75000000
C45: Dinas Pendidikan dan Kebudayaan | D45: Pembangunan Sarana, Prasarana dan Utilitas PAUD | E45: Penataan Halaman dan Penembokan TKN 5 Gerung | F45: 217650000 | G45: 2 | I45: 217650000 | J45: 189090000
C46: Dinas Kesehatan | D46: Pengelolaan Jaminan Kesehatan Masyarakat | E46: Belanja Iuran Jaminan Kesehatan bagi Peserta PBPU dan BP Kelas 3 | F46: 387240000 | G46: 2 | I46: 387240000
C47: Dinas Kesehatan | D47: Pengelolaan Jaminan Kesehatan Masyarakat | E47: Belanja Bantuan Iuran Jaminan Kesehatan bagi Peserta PBPU dan BP Kelas 3 | F47: 30979200 | G47: 2 | I47: 30979200
C48: Dinas Pekerjaan Umum, Penataan Ruang, Perumahan dan Kawasan Permukiman | D48: Perbaikan Rumah Tidak Layak Huni | E48: Pembangunan RTLH | F48: 75000000 | G48: 4
C49: Dinas Pekerjaan Umum, Penataan Ruang, Perumahan dan Kawasan Permukiman | D49: Pemeliharaan Rutin Jalan | E49: Pemeliharaan Rutin Jalan | F49: 85377500 | G49: 3
C50: Dinas Pekerjaan Umum, Penataan Ruang, Perumahan dan Kawasan Permukiman (Provinsi) | D50: Penyediaan Prasarana, Sarana, dan Utilitas Umum di Permukiman | E50: Pengadaan PPSU | F50: 189090000 | G50: 3
C51: Dinas Pariwisata, Ekonomi Kreatif, Pemuda, dan Olahraga | D51: Monitoring dan Evaluasi Pengembangan Sumber Daya Pariwisata dan Ekonomi Kreatif | E51: Pendampingan Wisata (Pembinaan Monitoring Wisata) | F51: 2400000 | G51: 1 | H51: =SUM(H44:H50) -> 2400000 | I51: =SUM(I44:I50) -> 674369200 | J51: =SUM(J44:J50) -> 274467500 | K51: =SUM(K44:K50) -> 75000000
E52: JUMLAH | F52: 1026236700 | H52: =H51/$F$52 -> 0.0023386418 | I52: =I51/$F$52 -> 0.65712832 | J52: =J51/$F$52 -> 0.26745048 | K52: =K51/$F$52 -> 0.073082555
A54: NO | B54: KEGIATAN PRIORITAS | C54: LOKASI (DESA/KEL) | E54: PERANGKAT DAERAH PENANGGUNG JAWAB | F54: KESEPAKATAN VOLUME DAN PAGU FINAL
C55: DESA | D55: DUSUN | F55: VOL | G55: PAGU
A56: 1 | B56: 2 | C56: 3 | D56: 4 | E56: 5 | F56: 6 | G56: 7
A57: 83 | B57: Tongkat Ketiak (Disabilitas) | C57: TAMAN AYU | D57: Bongor | E57: Dinas Sosial, Pemberdayaan Perempuan, dan Perlindungan Anak | F57: 1 | G57: 421000 | H57: 4
A58: 84 | B58: alat Dengar (Disabilitas) | C58: TAMAN AYU | D58: Karang Genteng | E58: Dinas Sosial, Pemberdayaan Perempuan, dan Perlindungan Anak | F58: 1 | G58: 2700000 | H58: 4
A59: 85 | B59: Tongkat Kakitiga (Disabilitas) | C59: TAMAN AYU | D59: Karang Genteng | E59: Dinas Sosial, Pemberdayaan Perempuan, dan Perlindungan Anak | F59: 1 | G59: 409000 | H59: 4
A60: 86 | B60: Kursi Roda (Disabilitas) | C60: TAMAN AYU | D60: Peseng | E60: Dinas Sosial, Pemberdayaan Perempuan, dan Perlindungan Anak | F60: 1 | G60: 2910000 | H60: 4
A61: 87 | B61: alat Dengar (Disabilitas) | C61: TAMAN AYU | D61: Peseng | E61: Dinas Sosial, Pemberdayaan Perempuan, dan Perlindungan Anak | F61: 1 | G61: 2910000 | H61: 4
A62: 220 | B62: Pengadaan Gerobak bagi UKM Pantai Indok | C62: TAMAN AYU | D62: Karang Genteng | E62: Dinas Perdagangan | F62: 3 | G62: 21250000 | H62: 1
A63: 794 | B63: Rabat Jalan | C63: TAMAN AYU | D63: Bongor | E63: Dinas Pekerjaan Umum, Penataan Ruang, Perumahan dan Kawasan Permukiman | F63: 125 | G63: 50000000 | H63: 3
A64: 795 | B64: RLTH | C64: TAMAN AYU | D64: Bongor | E64: Dinas Pekerjaan Umum, Penataan Ruang, Perumahan dan Kawasan Permukiman | F64: 2 | G64: 50000000 | H64: 3
A65: 796 | B65: RLTH | C65: TAMAN AYU | D65: BONGOR MUHAJJIRIN | E65: Dinas Pekerjaan Umum, Penataan Ruang, Perumahan dan Kawasan Permukiman | F65: 1 | G65: 25000000 | H65: 3
A66: 797 | B66: Drainase | C66: TAMAN AYU | D66: BONGOR MUHAJJIRIN | E66: Dinas Pekerjaan Umum, Penataan Ruang, Perumahan dan Kawasan Permukiman | F66: 25 | G66: 69550000 | H66: 3
A67: 798 | B67: Rabat Jalan | C67: TAMAN AYU | D67: BONGOR MEKARSARI | E67: Dinas Pekerjaan Umum, Penataan Ruang, Perumahan dan Kawasan Permukiman | F67: 125 | G67: 50000000 | H67: 3
A68: 799 | B68: RLTH | C68: TAMAN AYU | D68: BONGOR MEKARSARI | E68: Dinas Pekerjaan Umum, Penataan Ruang, Perumahan dan Kawasan Permukiman | F68: 2 | G68: 50000000 | H68: 3
... A75: 806 | B75: RLTH | C75: TAMAN AYU | D75: Jeranjang | E75: Dinas Pekerjaan Umum, Penataan Ruang, Perumahan dan Kawasan Permukiman | F75: 2 | G75: 50000000 | H75: 1
A76: 1220 | B76: Pelatihan roasting kopi | C76: TAMAN AYU | D76: Gunung Malang | E76: Dinas Perindustrian, Koperasi, Usaha Kecil dan Menengah, dan Tenaga Kerja | F76: 1 Kelompok | G76: 40000000 | H76: 1
A77: 1221 | B77: Pegadaan alat roasting kopi | C77: TAMAN AYU | D77: Gunung Malang | E77: Dinas Perindustrian, Koperasi, Usaha Kecil dan Menengah, dan Tenaga Kerja | F77: 1 Kelompok | G77: 35000000 | H77: 1
A78: 1222 | B78: pengadaan alat usaha krupuk | C78: TAMAN AYU | D78: Gunung Malang | E78: Dinas Perindustrian, Koperasi, Usaha Kecil dan Menengah, dan Tenaga Kerja | F78: 1 Kelompok | G78: 25000000 | H78: 1
A79: 1346 | B79: Jalan Usaha Tani | C79: TAMAN AYU | D79: BONGOR MUHAJJIRIN | E79: Dinas Pertanian | F79: 27 m2 | G79: 50000000 | H79: 1
A80: 1347 | B80: Kandang Ternak | C80: TAMAN AYU | D80: Peseng | E80: Dinas Pertanian | F80: 40 m2 | G80: 90000000 | H80: 1
A81: 1348 | B81: Urugan JUT | C81: TAMAN AYU | D81: Peseng | E81: Dinas Pertanian | F81: 17 m2 | G81: 31300000 | H81: 1
A82: 1435 | B82: Peralatan kesenian | C82: TAMAN AYU | D82: Bongor | E82: Dinas Pendidikan dan Kebudayaan | F82: 1 unit | G82: 100000000 | H82: 1
E83: JUMLAH | G83: 10000000000
G85: =SUBTOTAL(9,G57:G82) -> 9350000
G86: =G85/1000000000 -> 0.00935
